Name,ID,URL,MimeType,Path,CreatedDate,Size
"DOC-20250530-WA0000.pdf","16qTps7a3NZopJRASfKavi4XyxPtzMLTz","https://drive.google.com/file/d/16qTps7a3NZopJRASfKavi4XyxPtzMLTz/view?usp=drivesdk","application/pdf","/Semester 2/22TAAB0-TAMIL/Notes and PPTs/TAMIL NOTES","2025-09-24 11:00:34",34284545
"Copy of CO4-TAMIL..pdf","1YqeRk_kHMJ2HlT3X4NcWdMOPbJv11j5h","https://drive.google.com/file/d/1YqeRk_kHMJ2HlT3X4NcWdMOPbJv11j5h/view?usp=drivesdk","application/pdf","/Semester 2/22TAAB0-TAMIL/Notes and PPTs/TAMIL NOTES","2025-09-24 09:41:04",15928669
"Copy of CO2.pdf","1jgPn7Nxj_xk9mjhbviat7tYvp9n7NbDy","https://drive.google.com/file/d/1jgPn7Nxj_xk9mjhbviat7tYvp9n7NbDy/view?usp=drivesdk","application/pdf","/Semester 2/22TAAB0-TAMIL/Notes and PPTs/TAMIL NOTES","2025-09-24 09:41:04",24775866
"UNIT 3.pdf","1QRHaj92IXJLbWNVvtLfmyTmig8mlLQYt","https://drive.google.com/file/d/1QRHaj92IXJLbWNVvtLfmyTmig8mlLQYt/view?usp=drivesdk","application/pdf","/Semester 2/22TAAB0-TAMIL/Notes and PPTs/TAMIL NOTES","2025-09-21 15:37:44",106178
"TOP 50 IMPORTANT QUESTIONS ","1NZbJ-NYwIroYzvBUw6iEmNYnekvvRQc7","https://drive.google.com/file/d/1NZbJ-NYwIroYzvBUw6iEmNYnekvvRQc7/view?usp=drivesdk","application/pdf","/Semester 2/22TAAB0-TAMIL/Notes and PPTs/TAMIL NOTES","2025-05-29 18:53:58",49828162
"Copy of CO2-English-Pdf.pdf","10oDZ7W8xDijuZQswqrgXTnAy962V9pwP","https://drive.google.com/file/d/10oDZ7W8xDijuZQswqrgXTnAy962V9pwP/view?usp=drivesdk","application/pdf","/Semester 2/22TAAB0-TAMIL/Notes and PPTs/ENGLISH NOTES","2025-09-24 09:41:04",15729803
"Copy of Co1-English-Pdf.pdf","1ddDNF8I2YjULv86GCSxZfy1FR2gYK6H-","https://drive.google.com/file/d/1ddDNF8I2YjULv86GCSxZfy1FR2gYK6H-/view?usp=drivesdk","application/pdf","/Semester 2/22TAAB0-TAMIL/Notes and PPTs/ENGLISH NOTES","2025-09-24 09:41:04",12002746
"Copy of CO4, English .pdf","1ei0nr-KOPEmu2hDWm2L1HJ097WiWuRLk","https://drive.google.com/file/d/1ei0nr-KOPEmu2hDWm2L1HJ097WiWuRLk/view?usp=drivesdk","application/pdf","/Semester 2/22TAAB0-TAMIL/Notes and PPTs/ENGLISH NOTES","2025-09-24 09:41:04",16788978
"COMPLETHE UNIT 1 TO 5 NOTES ENGLISH PDF","12D08zFH6usV3hTv-Y_cYo29J-HuSveSQ","https://drive.google.com/file/d/12D08zFH6usV3hTv-Y_cYo29J-HuSveSQ/view?usp=drivesdk","application/pdf","/Semester 2/22TAAB0-TAMIL/Notes and PPTs/ENGLISH NOTES","2025-05-29 18:53:27",72643419
"UNIT 5 English .pdf","1SuWjsAU7Zi5jif91s5jSE86mMnQRjxhU","https://drive.google.com/file/d/1SuWjsAU7Zi5jif91s5jSE86mMnQRjxhU/view?usp=drivesdk","application/pdf","/Semester 2/22TAAB0-TAMIL/Notes and PPTs/ENGLISH NOTES","2025-06-17 21:19:46",120410
"DOC-20250526-WA0001.pdf","1y_V9E8MxDSnXTI51kHaiYFCkRFbm0d5W","https://drive.google.com/file/d/1y_V9E8MxDSnXTI51kHaiYFCkRFbm0d5W/view?usp=drivesdk","application/pdf","/Semester 2/22TAAB0-TAMIL/Question Papers","2025-09-24 10:59:51",400335
"Copy of தமிழரும் தொழில்நுட்பமும் BOOK2024 tamil.pdf","18_zCFGQ5dtF_kxbOYkSeMaCVKc2MLRGZ","https://drive.google.com/file/d/18_zCFGQ5dtF_kxbOYkSeMaCVKc2MLRGZ/view?usp=drivesdk","application/pdf","/Semester 2/22TAAB0-TAMIL/Books","2025-11-12 09:58:53",61631453
"2023-2024 CAT 1.pdf","1KvIQocBwIzXuEsbxs9D9ubEcveGWKObN","https://drive.google.com/file/d/1KvIQocBwIzXuEsbxs9D9ubEcveGWKObN/view?usp=drivesdk","application/pdf","/Semester 2/22CS240-PROBLEM SOLVING AND PROGRAMMING/Question Papers","2025-09-23 19:09:58",517288
"PROBLEM SOLVING AND PROGRAMMING sem qp.pdf","18CiWS7AJKqRRT1dxE4ZkRXZ4RP0b4NRb","https://drive.google.com/file/d/18CiWS7AJKqRRT1dxE4ZkRXZ4RP0b4NRb/view?usp=drivesdk","application/pdf","/Semester 2/22CS240-PROBLEM SOLVING AND PROGRAMMING/Question Papers","2025-03-11 12:30:51",16829
"Problem solving COS.pdf","1xPVG_gxnmzS4V6RjIlM7fL9LD-WzRQPy","https://drive.google.com/file/d/1xPVG_gxnmzS4V6RjIlM7fL9LD-WzRQPy/view?usp=drivesdk","application/pdf","/Semester 2/22CS240-PROBLEM SOLVING AND PROGRAMMING/Course Plan","2025-09-24 10:36:53",823985
"R. G. Dromey - How to Solve It by Computer (Prentice-Hall International Series in Computer Science)-Prentice Hall (1982).pdf","1JvqqkOKthMnuHviKtrH64ztEM5NMuqk6","https://drive.google.com/file/d/1JvqqkOKthMnuHviKtrH64ztEM5NMuqk6/view?usp=drivesdk","application/pdf","/Semester 2/22CS240-PROBLEM SOLVING AND PROGRAMMING/Books","2025-09-23 19:18:16",37039444
"Kernighan, Brian W._Ritchie, Dennis M - The C programming language-Prentice Hall (2016).pdf","1eTW8gEHodq2i2GAR8WUCtNb9904mRhIu","https://drive.google.com/file/d/1eTW8gEHodq2i2GAR8WUCtNb9904mRhIu/view?usp=drivesdk","application/pdf","/Semester 2/22CS240-PROBLEM SOLVING AND PROGRAMMING/Books","2025-09-23 19:08:51",856444
"Jeri R. Hanly- Elliot B. Koffman - Problem Solving and Program Design in C-Addison-Wesley (2012).pdf","10A1IgKjYUyxBgajVpm-gndm4RrG-2I4b","https://drive.google.com/file/d/10A1IgKjYUyxBgajVpm-gndm4RrG-2I4b/view?usp=drivesdk","application/pdf","/Semester 2/22CS240-PROBLEM SOLVING AND PROGRAMMING/Books","2025-09-21 21:51:08",7003605
"Book.pdf","1iLNP41IS1BE5OAHrJhZ-WZ5hZbwFdUii","https://drive.google.com/file/d/1iLNP41IS1BE5OAHrJhZ-WZ5hZbwFdUii/view?usp=drivesdk","application/pdf","/Semester 2/22CS210-MATRICES AND LINEAR ALGEBRA/Books","2025-11-12 09:34:55",3103710
"Course Plan.pdf","1L9l9tIJNyLhGoZNNorZYNx-2Ukdrkd3p","https://drive.google.com/file/d/1L9l9tIJNyLhGoZNNorZYNx-2Ukdrkd3p/view?usp=drivesdk","application/pdf","/Semester 2/22CS210-MATRICES AND LINEAR ALGEBRA/Course Plan","2025-11-12 09:30:06",791018
"Copy of 22CS210 2.pdf","1VQKXEv4cHWm4YYZZtyExcUqvtiW9T0kj","https://drive.google.com/file/d/1VQKXEv4cHWm4YYZZtyExcUqvtiW9T0kj/view?usp=drivesdk","application/pdf","/Semester 2/22CS210-MATRICES AND LINEAR ALGEBRA/Question Papers/CAT","2025-09-24 09:24:54",478657
"MATH SOLUTIONS.","1A5_w-V9ZeJUhOLbfzSHhKNPUf8r3OMYj","https://drive.google.com/file/d/1A5_w-V9ZeJUhOLbfzSHhKNPUf8r3OMYj/view?usp=drivesdk","application/pdf","/Semester 2/22CS210-MATRICES AND LINEAR ALGEBRA/Notes and PPTs/MATERIALS","2025-09-21 15:46:50",10320299
"POWER METHOD NOTES.pdf","1yrBXNQnlH8a8SZVMGWwNk1fL5g1OvZpK","https://drive.google.com/file/d/1yrBXNQnlH8a8SZVMGWwNk1fL5g1OvZpK/view?usp=drivesdk","application/pdf","/Semester 2/22CS210-MATRICES AND LINEAR ALGEBRA/Notes and PPTs/MATERIALS","2025-06-15 08:15:41",887379
"INNER PRODUCT SPACE NOTES.pdf","1wYOoyddjxbBs9iz0zKB8O9n7qGrUnN2F","https://drive.google.com/file/d/1wYOoyddjxbBs9iz0zKB8O9n7qGrUnN2F/view?usp=drivesdk","application/pdf","/Semester 2/22CS210-MATRICES AND LINEAR ALGEBRA/Notes and PPTs/MATERIALS","2025-03-10 14:35:45",6412890
"GRAM-SCHMIDT ORTHOGONALIZATION.pdf","1ruJ_DvQSXW82MbZtRQOITg6A6O5IjtHu","https://drive.google.com/file/d/1ruJ_DvQSXW82MbZtRQOITg6A6O5IjtHu/view?usp=drivesdk","application/pdf","/Semester 2/22CS210-MATRICES AND LINEAR ALGEBRA/Notes and PPTs/MATERIALS","2025-03-10 14:34:58",700826
"ORTHOGONALITY NOTES.pdf","1rgzrX6xwQyqtIQUyfPDIauE7Aws8V2GO","https://drive.google.com/file/d/1rgzrX6xwQyqtIQUyfPDIauE7Aws8V2GO/view?usp=drivesdk","application/pdf","/Semester 2/22CS210-MATRICES AND LINEAR ALGEBRA/Notes and PPTs/MATERIALS","2025-03-10 14:35:37",5322610
"2 Virtual & Augmented Reality For Dummies (1).pdf","1PYzpn0rcUDa4wCm-45ExlL8mR7c2buLy","https://drive.google.com/file/d/1PYzpn0rcUDa4wCm-45ExlL8mR7c2buLy/view?usp=drivesdk","application/pdf","/Semester 2/24CS260-EXTENDED REALITY:PRINCIPLES AND PRACTICE/Books/Reference Books","2025-09-24 10:08:08",45692220
"Unity Game Development Script, Build, Customize your Game from Scratch for Beginners and Experts (Kent Peterson) (Z-Library).pdf","1mB_2W8BP2F-s9BrYtpYlXBK8VWuERGUe","https://drive.google.com/file/d/1mB_2W8BP2F-s9BrYtpYlXBK8VWuERGUe/view?usp=drivesdk","application/pdf","/Semester 2/24CS260-EXTENDED REALITY:PRINCIPLES AND PRACTICE/Books/Reference Books","2025-09-23 19:41:23",6428951
"Course Plan.pdf","1UyGSyyPOLqnODdsa6629rflVEfznjuqF","https://drive.google.com/file/d/1UyGSyyPOLqnODdsa6629rflVEfznjuqF/view?usp=drivesdk","application/pdf","/Semester 2/24CS260-EXTENDED REALITY:PRINCIPLES AND PRACTICE/Course Plan","2025-09-24 10:35:40",669623
"CAT_1_QP.docx","18kXCO6KlGGYEBo-7GNhsU2HHbcbpIuSk","https://docs.google.com/document/d/18kXCO6KlGGYEBo-7GNhsU2HHbcbpIuSk/edit?usp=drivesdk&ouid=104497255580477485161&rtpof=true&sd=true","application/vnd.openxmlformats-officedocument.wordprocessingml.document","/Semester 2/24CS260-EXTENDED REALITY:PRINCIPLES AND PRACTICE/Question Papers","2025-09-23 19:42:51",104216
"Defining VR.pptx","1DOOZ8idRSy_IcyJZJZwMCdABuIDrNPE8","https://docs.google.com/presentation/d/1DOOZ8idRSy_IcyJZJZwMCdABuIDrNPE8/edit?usp=drivesdk&ouid=104497255580477485161&rtpof=true&sd=true","application/vnd.openxmlformats-officedocument.presentationml.presentation","/Semester 2/24CS260-EXTENDED REALITY:PRINCIPLES AND PRACTICE/Notes and PPTs/PPTs","2025-09-23 19:34:30",1261804
"Lecture_notes_3.pptx","1eGBI3xSGdHUeD6MEYSvxBr8veFRlOFqh","https://docs.google.com/presentation/d/1eGBI3xSGdHUeD6MEYSvxBr8veFRlOFqh/edit?usp=drivesdk&ouid=104497255580477485161&rtpof=true&sd=true","application/vnd.openxmlformats-officedocument.presentationml.presentation","/Semester 2/24CS260-EXTENDED REALITY:PRINCIPLES AND PRACTICE/Notes and PPTs/PPTs","2025-09-23 19:34:49",1374047
"Lecture_notes_4.pptx","1nRo097snFjO_PAEx2uC-t0CfNIni42Ln","https://docs.google.com/presentation/d/1nRo097snFjO_PAEx2uC-t0CfNIni42Ln/edit?usp=drivesdk&ouid=104497255580477485161&rtpof=true&sd=true","application/vnd.openxmlformats-officedocument.presentationml.presentation","/Semester 2/24CS260-EXTENDED REALITY:PRINCIPLES AND PRACTICE/Notes and PPTs/PPTs","2025-09-23 19:35:08",2420319
"Tracking Technology.pptx","14dVs7Ig2F7pLQxN8ArASqfPHSr_mhCfz","https://docs.google.com/presentation/d/14dVs7Ig2F7pLQxN8ArASqfPHSr_mhCfz/edit?usp=drivesdk&ouid=104497255580477485161&rtpof=true&sd=true","application/vnd.openxmlformats-officedocument.presentationml.presentation","/Semester 2/24CS260-EXTENDED REALITY:PRINCIPLES AND PRACTICE/Notes and PPTs/PPTs","2025-09-23 19:35:25",2157624
"Display Devices_new (1).pptx","1mw7-eXk1akMamrHUBRVFxu1ggII88Msc","https://docs.google.com/presentation/d/1mw7-eXk1akMamrHUBRVFxu1ggII88Msc/edit?usp=drivesdk&ouid=104497255580477485161&rtpof=true&sd=true","application/vnd.openxmlformats-officedocument.presentationml.presentation","/Semester 2/24CS260-EXTENDED REALITY:PRINCIPLES AND PRACTICE/Notes and PPTs/PPTs","2025-09-23 19:34:34",226849
"Lecture_notes_2.pptx","1vKXdAciu7CXghoUE1CvXbT0-QM3ektes","https://docs.google.com/presentation/d/1vKXdAciu7CXghoUE1CvXbT0-QM3ektes/edit?usp=drivesdk&ouid=104497255580477485161&rtpof=true&sd=true","application/vnd.openxmlformats-officedocument.presentationml.presentation","/Semester 2/24CS260-EXTENDED REALITY:PRINCIPLES AND PRACTICE/Notes and PPTs/PPTs","2025-09-23 19:34:45",612914
"Lecture_Note_1.pptx","1fcA94fBFfiGZ-Z3EXziwhMdWMaM2xbuA","https://docs.google.com/presentation/d/1fcA94fBFfiGZ-Z3EXziwhMdWMaM2xbuA/edit?usp=drivesdk&ouid=104497255580477485161&rtpof=true&sd=true","application/vnd.openxmlformats-officedocument.presentationml.presentation","/Semester 2/24CS260-EXTENDED REALITY:PRINCIPLES AND PRACTICE/Notes and PPTs/PPTs","2025-09-23 19:39:33",15344458
"UNIT 3 BOOK.pdf","1UDGNqqeAL8afvb0Js-I1MKcy5EX6Bk4_","https://drive.google.com/file/d/1UDGNqqeAL8afvb0Js-I1MKcy5EX6Bk4_/view?usp=drivesdk","application/pdf","/Semester 2/22CS220-ELECTRONICS AND DIGITAL SYSTEM/Books","2025-11-12 09:44:02",3135536
"OPAMPS BOOK.pdf","1vSn0vAk9XIOJJBkwd9XKmbL8kqqpBXgu","https://drive.google.com/file/d/1vSn0vAk9XIOJJBkwd9XKmbL8kqqpBXgu/view?usp=drivesdk","application/pdf","/Semester 2/22CS220-ELECTRONICS AND DIGITAL SYSTEM/Books","2025-11-12 09:44:02",9828664
"Copy of Differentail Amplifier.docx (1).pdf","109eyWQTkYwCk0N7_4xBINOqLAYPo9DTy","https://drive.google.com/file/d/109eyWQTkYwCk0N7_4xBINOqLAYPo9DTy/view?usp=drivesdk","application/pdf","/Semester 2/22CS220-ELECTRONICS AND DIGITAL SYSTEM/Notes and PPTs","2025-11-12 09:39:10",501220
"Copy of WAVEFORM GENERATOR.docx.pdf","1BXFvh9jUjyf188EmOwEecVt7J9vhzyaD","https://drive.google.com/file/d/1BXFvh9jUjyf188EmOwEecVt7J9vhzyaD/view?usp=drivesdk","application/pdf","/Semester 2/22CS220-ELECTRONICS AND DIGITAL SYSTEM/Notes and PPTs","2025-11-12 09:39:10",266431
"Copy of ass 1 opamps .pdf","1RKQOYpAN_tmBMNcGcLQDMwaAEwhRHdAy","https://drive.google.com/file/d/1RKQOYpAN_tmBMNcGcLQDMwaAEwhRHdAy/view?usp=drivesdk","application/pdf","/Semester 2/22CS220-ELECTRONICS AND DIGITAL SYSTEM/Notes and PPTs","2025-11-12 09:39:10",30180
"Copy of Lecture_Notes_1.pdf","1hONrAa7owAT0lRWi-rLCkxvvdqyNdFA3","https://drive.google.com/file/d/1hONrAa7owAT0lRWi-rLCkxvvdqyNdFA3/view?usp=drivesdk","application/pdf","/Semester 2/22CS220-ELECTRONICS AND DIGITAL SYSTEM/Notes and PPTs","2025-11-12 09:39:10",606169
"Copy of Voltage Follower.pdf","1lo0IOvKFS98OU90xEw8ghFi49BYZKBGn","https://drive.google.com/file/d/1lo0IOvKFS98OU90xEw8ghFi49BYZKBGn/view?usp=drivesdk","application/pdf","/Semester 2/22CS220-ELECTRONICS AND DIGITAL SYSTEM/Notes and PPTs","2025-11-12 09:39:10",1675113
"Course Plan.pdf","1gj9XCViito-kUt0OgMGiFX4htOBCzDuf","https://drive.google.com/file/d/1gj9XCViito-kUt0OgMGiFX4htOBCzDuf/view?usp=drivesdk","application/pdf","/Semester 2/22CS220-ELECTRONICS AND DIGITAL SYSTEM/Course Plan","2025-11-12 09:37:46",602289
"Computer Org. COS.pdf","1gMAF1YM10cBnOQkUmFr0GNFjaexjx-ea","https://drive.google.com/file/d/1gMAF1YM10cBnOQkUmFr0GNFjaexjx-ea/view?usp=drivesdk","application/pdf","/Semester 2/22CS230-COMPUTER ORGANIZATION AND ARCHITECTURE /Course Plan","2025-09-24 10:33:02",602750
"Computer-Organization-Architecture-11th.pdf","17vm2oxhJoNY7qzXWuIdk7-CyvygJXSco","https://drive.google.com/file/d/17vm2oxhJoNY7qzXWuIdk7-CyvygJXSco/view?usp=drivesdk","application/pdf","/Semester 2/22CS230-COMPUTER ORGANIZATION AND ARCHITECTURE /Books","2025-11-12 09:48:20",55339812
"COMPUTER ORGANIZATION AND ARCHITECTURE sem qp.pdf","12MZKOE7-w0eZu2-Q5FDNT_-eLQfmA9az","https://drive.google.com/file/d/12MZKOE7-w0eZu2-Q5FDNT_-eLQfmA9az/view?usp=drivesdk","application/pdf","/Semester 2/22CS230-COMPUTER ORGANIZATION AND ARCHITECTURE /Question Papers","2025-03-11 12:31:15",96359
"CH03-COA10e (1).pptx","1jcaP2aJlMl7Gz6I8go_cIcITeK1cEq0A","https://docs.google.com/presentation/d/1jcaP2aJlMl7Gz6I8go_cIcITeK1cEq0A/edit?usp=drivesdk&ouid=104497255580477485161&rtpof=true&sd=true","application/vnd.openxmlformats-officedocument.presentationml.presentation","/Semester 2/22CS230-COMPUTER ORGANIZATION AND ARCHITECTURE /Notes and PPTs/PPTs","2025-09-23 18:51:59",6642644
"CH05-COA10e (1).pptx","1PYs4E2w0tBWs8F9WIrUyYAzYKGcJEXVv","https://docs.google.com/presentation/d/1PYs4E2w0tBWs8F9WIrUyYAzYKGcJEXVv/edit?usp=drivesdk&ouid=104497255580477485161&rtpof=true&sd=true","application/vnd.openxmlformats-officedocument.presentationml.presentation","/Semester 2/22CS230-COMPUTER ORGANIZATION AND ARCHITECTURE /Notes and PPTs/PPTs","2025-09-23 18:48:27",740694
"CH04-COA10e (1).pptx","1A4KToi2gKLCK_MUkaQCEte7gZRIGIwrU","https://docs.google.com/presentation/d/1A4KToi2gKLCK_MUkaQCEte7gZRIGIwrU/edit?usp=drivesdk&ouid=104497255580477485161&rtpof=true&sd=true","application/vnd.openxmlformats-officedocument.presentationml.presentation","/Semester 2/22CS230-COMPUTER ORGANIZATION AND ARCHITECTURE /Notes and PPTs/PPTs","2025-09-23 18:49:51",8110705
"CH01-COA10e_Stallings (1).pptx","1YUg2XO0F-5F-czQgNYg4c-tL5wS62EjZ","https://docs.google.com/presentation/d/1YUg2XO0F-5F-czQgNYg4c-tL5wS62EjZ/edit?usp=drivesdk&ouid=104497255580477485161&rtpof=true&sd=true","application/vnd.openxmlformats-officedocument.presentationml.presentation","/Semester 2/22CS230-COMPUTER ORGANIZATION AND ARCHITECTURE /Notes and PPTs/PPTs","2025-09-23 18:50:43",4923826
"UNIT 5Pipelining II.ppt","12RgIGaMOTbqzZYWsOAyyw3QwXsPTzpCY","https://docs.google.com/presentation/d/12RgIGaMOTbqzZYWsOAyyw3QwXsPTzpCY/edit?usp=drivesdk&ouid=104497255580477485161&rtpof=true&sd=true","application/vnd.ms-powerpoint","/Semester 2/22CS230-COMPUTER ORGANIZATION AND ARCHITECTURE /Notes and PPTs/PPTs","2025-06-06 16:32:16",934912
"RAID LEVELS.ppt","1DWmIab6wf1ohPuXiH_GsKl7FgL0-n8hy","https://docs.google.com/presentation/d/1DWmIab6wf1ohPuXiH_GsKl7FgL0-n8hy/edit?usp=drivesdk&ouid=104497255580477485161&rtpof=true&sd=true","application/vnd.ms-powerpoint","/Semester 2/22CS230-COMPUTER ORGANIZATION AND ARCHITECTURE /Notes and PPTs/PPTs","2025-06-06 16:29:25",469504
"Disk Management.ppt","1lBdsd8UDsqWzwfPre1NTZzgyFzhHv7dg","https://docs.google.com/presentation/d/1lBdsd8UDsqWzwfPre1NTZzgyFzhHv7dg/edit?usp=drivesdk&ouid=104497255580477485161&rtpof=true&sd=true","application/vnd.ms-powerpoint","/Semester 2/22CS230-COMPUTER ORGANIZATION AND ARCHITECTURE /Notes and PPTs/PPTs","2025-06-06 16:29:05",988672
"UNIT 5 Pipeling I.ppt","1HdlaRn2Ti7zoaVoexmV2wAl8YU7Aoc6j","https://docs.google.com/presentation/d/1HdlaRn2Ti7zoaVoexmV2wAl8YU7Aoc6j/edit?usp=drivesdk&ouid=104497255580477485161&rtpof=true&sd=true","application/vnd.ms-powerpoint","/Semester 2/22CS230-COMPUTER ORGANIZATION AND ARCHITECTURE /Notes and PPTs/PPTs","2025-06-06 16:29:29",789504
"Direct Memory Access (DMA).ppt","1MaDm3NDJye-uIrqCuD6HNY6f9WccdjFX","https://docs.google.com/presentation/d/1MaDm3NDJye-uIrqCuD6HNY6f9WccdjFX/edit?usp=drivesdk&ouid=104497255580477485161&rtpof=true&sd=true","application/vnd.ms-powerpoint","/Semester 2/22CS230-COMPUTER ORGANIZATION AND ARCHITECTURE /Notes and PPTs/PPTs","2025-06-06 16:32:20",500224
"06_external-memory.ppt","1KzQl2c-SqpKfrdCF1n9LUoKRS0Mitqis","https://docs.google.com/presentation/d/1KzQl2c-SqpKfrdCF1n9LUoKRS0Mitqis/edit?usp=drivesdk&ouid=104497255580477485161&rtpof=true&sd=true","application/vnd.ms-powerpoint","/Semester 2/22CS230-COMPUTER ORGANIZATION AND ARCHITECTURE /Notes and PPTs/PPTs","2025-06-06 16:29:19",616960
"Course Plan","1TKhDNsF7bPlKjKIypOlBMeyqVDWVnu-e","https://drive.google.com/file/d/1TKhDNsF7bPlKjKIypOlBMeyqVDWVnu-e/view?usp=drivesdk","application/pdf","/Semester 2/22CH130-CHEMISTRY/Course Plan","2025-11-12 09:26:03",733881
"AAS.pdf","1_eUzbOcJjGruRA_CXZLhS7x7bHQ8BcWW","https://drive.google.com/file/d/1_eUzbOcJjGruRA_CXZLhS7x7bHQ8BcWW/view?usp=drivesdk","application/pdf","/Semester 2/22CH130-CHEMISTRY/Notes and PPTs","2025-09-24 09:31:51",377324
" Luminescence spectroscopy.pdf","1bLFBzk97cTqKWZcFAx3Uvd5aZB4KkSQ_","https://drive.google.com/file/d/1bLFBzk97cTqKWZcFAx3Uvd5aZB4KkSQ_/view?usp=drivesdk","application/pdf","/Semester 2/22CH130-CHEMISTRY/Notes and PPTs","2025-09-24 09:31:51",466182
"ICP-AES spectroscopy.pdf","1bACjzA1_znmoHNZSD3Q3P5dMga6222b-","https://drive.google.com/file/d/1bACjzA1_znmoHNZSD3Q3P5dMga6222b-/view?usp=drivesdk","application/pdf","/Semester 2/22CH130-CHEMISTRY/Notes and PPTs","2025-09-24 09:31:51",216539
"IR Spectroscopy.pdf","1hb8XPXC7rveL315XBAa-N9vnYlXIdKNf","https://drive.google.com/file/d/1hb8XPXC7rveL315XBAa-N9vnYlXIdKNf/view?usp=drivesdk","application/pdf","/Semester 2/22CH130-CHEMISTRY/Notes and PPTs","2025-09-24 09:31:51",730444
" NMR and MRI.pdf","16_MvAUrIMkC8yh7JpnJ7qRRpU92Steqx","https://drive.google.com/file/d/16_MvAUrIMkC8yh7JpnJ7qRRpU92Steqx/view?usp=drivesdk","application/pdf","/Semester 2/22CH130-CHEMISTRY/Notes and PPTs","2025-09-24 09:31:51",647374
"boiler and internal.pdf","19g0fc9_XC6nuDJQTI1zxMQ8IYKjv1nir","https://drive.google.com/file/d/19g0fc9_XC6nuDJQTI1zxMQ8IYKjv1nir/view?usp=drivesdk","application/pdf","/Semester 2/22CH130-CHEMISTRY/Notes and PPTs","2025-09-24 09:31:51",253075
"UNIT 4.pptx","1IkCGsRm-npmQbEQnsbeFcCKaUb09OipT","https://docs.google.com/presentation/d/1IkCGsRm-npmQbEQnsbeFcCKaUb09OipT/edit?usp=drivesdk&rtpof=true&sd=true","application/vnd.openxmlformats-officedocument.presentationml.presentation","/Semester 2/22CH130-CHEMISTRY/Notes and PPTs","2025-09-24 09:29:55",3179344
"Copy of 3 UV-Visible spectroscopy.pdf","1_tqBCBDbTM_AgtdfZSnMJ9y3DnmWrMRf","https://drive.google.com/file/d/1_tqBCBDbTM_AgtdfZSnMJ9y3DnmWrMRf/view?usp=drivesdk","application/pdf","/Semester 2/22CH130-CHEMISTRY/Notes and PPTs","2025-09-24 09:31:51",423929
"UNIT IV.pdf","1QgdxXmGeEVG1eBJhk6Ak7kT6rNHAeeLb","https://drive.google.com/file/d/1QgdxXmGeEVG1eBJhk6Ak7kT6rNHAeeLb/view?usp=drivesdk","application/pdf","/Semester 2/22CH130-CHEMISTRY/Notes and PPTs","2025-09-24 09:26:39",1849429
" UNIT 2:ELECTROCHEMISTRY NOTES","1dF1jsULT0Jw0mIXQnX02PYIiV1rzoXdr","https://drive.google.com/file/d/1dF1jsULT0Jw0mIXQnX02PYIiV1rzoXdr/view?usp=drivesdk","application/pdf","/Semester 2/22CH130-CHEMISTRY/Notes and PPTs","2025-09-21 15:23:24",1164545
" UNIT 1:EDTA PROBLEMS","1p1wD2VH_L33KjiecNznABTq31YkXDtMh","https://drive.google.com/file/d/1p1wD2VH_L33KjiecNznABTq31YkXDtMh/view?usp=drivesdk","application/pdf","/Semester 2/22CH130-CHEMISTRY/Notes and PPTs","2025-09-21 15:23:24",336178
"UNIT 1:WATER NOTES","1xNzTNZkcjqK_Y3iOS8QNeL1YVF5XKUKB","https://drive.google.com/file/d/1xNzTNZkcjqK_Y3iOS8QNeL1YVF5XKUKB/view?usp=drivesdk","application/pdf","/Semester 2/22CH130-CHEMISTRY/Notes and PPTs","2025-09-21 15:26:23",1721508
"UNIT 3:SPECTROSCOPY NOTES","136XHHTcpU2f7Hicnm0EHqtuagaNd3T_-","https://drive.google.com/file/d/136XHHTcpU2f7Hicnm0EHqtuagaNd3T_-/view?usp=drivesdk","application/pdf","/Semester 2/22CH130-CHEMISTRY/Notes and PPTs","2025-02-08 15:05:44",1309576
"DATA-STRUCTURE-BOOK.pdf","1hIaZHTFVuKERzezvd--p7M7PxsdbOWVU","https://drive.google.com/file/d/1hIaZHTFVuKERzezvd--p7M7PxsdbOWVU/view?usp=drivesdk","application/pdf","/Semester 3/22CS341-DATA STRUCTURES & ALGORITHMS/Books","2025-09-21 18:07:10",18077739
"DSA BOOK - Mark Allen Weiss.pdf","1MHK1KynJn4RqBfOvNNfcpDDyvCmD3yMm","https://drive.google.com/file/d/1MHK1KynJn4RqBfOvNNfcpDDyvCmD3yMm/view?usp=drivesdk","application/pdf","/Semester 3/22CS341-DATA STRUCTURES & ALGORITHMS/Books","2025-09-23 21:01:25",3976319
"Disjoint Sets.pdf","1FLcM4-iVaarM1YzQMauRVBncpP4OjKx_","https://drive.google.com/file/d/1FLcM4-iVaarM1YzQMauRVBncpP4OjKx_/view?usp=drivesdk","application/pdf","/Semester 3/22CS341-DATA STRUCTURES & ALGORITHMS/Notes and PPTs","2025-09-23 21:01:17",573666
"DSA ABL.jpg","1dHQ9kBy05aItElj7J64Dv6iBo93v7GNf","https://drive.google.com/file/d/1dHQ9kBy05aItElj7J64Dv6iBo93v7GNf/view?usp=drivesdk","image/jpeg","/Semester 3/22CS341-DATA STRUCTURES & ALGORITHMS/Notes and PPTs","2025-09-23 21:01:16",57385
"Course Plan_Signed.pdf","1BUnJeKYP9MMBljhiNhdqy8ARPTl95bZw","https://drive.google.com/file/d/1BUnJeKYP9MMBljhiNhdqy8ARPTl95bZw/view?usp=drivesdk","application/pdf","/Semester 3/22CS341-DATA STRUCTURES & ALGORITHMS/Notes and PPTs","2025-09-23 21:08:10",2465414
"CAT Portions.pdf","1IyRGyXbPFu4129YyXrOePDDl-naGbhhp","https://drive.google.com/file/d/1IyRGyXbPFu4129YyXrOePDDl-naGbhhp/view?usp=drivesdk","application/pdf","/Semester 3/22CS341-DATA STRUCTURES & ALGORITHMS/Notes and PPTs","2025-09-23 21:08:08",153744
"DSA Assignment 8.pdf","1oPOrdfWDOqqMznsjqFkW9PCzSvepJiKu","https://drive.google.com/file/d/1oPOrdfWDOqqMznsjqFkW9PCzSvepJiKu/view?usp=drivesdk","application/pdf","/Semester 3/22CS341-DATA STRUCTURES & ALGORITHMS/Notes and PPTs/ASSIGNMENT(BY JOSHIKA)","2025-09-23 21:07:36",6701188
"DSA Assignment 7 of Josh.pdf","1ykzOUk1BIa390CIUllpSkwMCbeX4nQ58","https://drive.google.com/file/d/1ykzOUk1BIa390CIUllpSkwMCbeX4nQ58/view?usp=drivesdk","application/pdf","/Semester 3/22CS341-DATA STRUCTURES & ALGORITHMS/Notes and PPTs/ASSIGNMENT(BY JOSHIKA)","2025-09-23 21:07:52",15779473
"DSA Assignment 6 of Josh.pdf","16XW8BVo0WQGUwPqbjpTmWvAobiDibJCh","https://drive.google.com/file/d/16XW8BVo0WQGUwPqbjpTmWvAobiDibJCh/view?usp=drivesdk","application/pdf","/Semester 3/22CS341-DATA STRUCTURES & ALGORITHMS/Notes and PPTs/ASSIGNMENT(BY JOSHIKA)","2025-09-23 21:07:36",5310853
"DSA Assignment 5 of josh.pdf","1fJ-1LxtECGLNzp8_Cb4g-wFQ6TfwNK6Z","https://drive.google.com/file/d/1fJ-1LxtECGLNzp8_Cb4g-wFQ6TfwNK6Z/view?usp=drivesdk","application/pdf","/Semester 3/22CS341-DATA STRUCTURES & ALGORITHMS/Notes and PPTs/ASSIGNMENT(BY JOSHIKA)","2025-09-23 21:07:48",10106068
"DSA assignment 2 of josh.pdf","1cT9rjNg_vV-p7jnJX2hNXn9OdTPsiC2y","https://drive.google.com/file/d/1cT9rjNg_vV-p7jnJX2hNXn9OdTPsiC2y/view?usp=drivesdk","application/pdf","/Semester 3/22CS341-DATA STRUCTURES & ALGORITHMS/Notes and PPTs/ASSIGNMENT(BY JOSHIKA)","2025-09-23 21:07:44",6256096
"DSA Assignment 4 of josh.pdf","1TERzOD0FM6zDaeLqGYDJjiO866ufI9xp","https://drive.google.com/file/d/1TERzOD0FM6zDaeLqGYDJjiO866ufI9xp/view?usp=drivesdk","application/pdf","/Semester 3/22CS341-DATA STRUCTURES & ALGORITHMS/Notes and PPTs/ASSIGNMENT(BY JOSHIKA)","2025-09-23 21:07:51",6173707
"DSA Assignment 3 of josh.pdf","1sXqxXDV8yEdW5fKbL7b6KWXibMJqdkIm","https://drive.google.com/file/d/1sXqxXDV8yEdW5fKbL7b6KWXibMJqdkIm/view?usp=drivesdk","application/pdf","/Semester 3/22CS341-DATA STRUCTURES & ALGORITHMS/Notes and PPTs/ASSIGNMENT(BY JOSHIKA)","2025-09-23 21:07:51",4383944
"DSA Assignment 1 of josh.pdf","1_EJ8SZrPWwz_lG6v5DuA6Rhqpe6Sla8P","https://drive.google.com/file/d/1_EJ8SZrPWwz_lG6v5DuA6Rhqpe6Sla8P/view?usp=drivesdk","application/pdf","/Semester 3/22CS341-DATA STRUCTURES & ALGORITHMS/Notes and PPTs/ASSIGNMENT(BY JOSHIKA)","2025-09-23 21:07:45",5289706
"BST- AVL- Spay.docx.pdf","1opNnJYqUsbIgEHYMXUOPuBAUc018oECG","https://drive.google.com/file/d/1opNnJYqUsbIgEHYMXUOPuBAUc018oECG/view?usp=drivesdk","application/pdf","/Semester 3/22CS341-DATA STRUCTURES & ALGORITHMS/Notes and PPTs/Assignment problems","2025-09-23 21:06:40",85741
"HEAP.docx.pdf","1D-uk5Lfk5ZLBo3jkGzi4HkiRGYxy4Qui","https://drive.google.com/file/d/1D-uk5Lfk5ZLBo3jkGzi4HkiRGYxy4Qui/view?usp=drivesdk","application/pdf","/Semester 3/22CS341-DATA STRUCTURES & ALGORITHMS/Notes and PPTs/Assignment problems","2025-09-23 21:06:40",67042
"Hashing.pdf","1QkDKzor-yVUpd2o4K3yfwRtlU2MUlSDJ","https://drive.google.com/file/d/1QkDKzor-yVUpd2o4K3yfwRtlU2MUlSDJ/view?usp=drivesdk","application/pdf","/Semester 3/22CS341-DATA STRUCTURES & ALGORITHMS/Notes and PPTs/Assignment problems","2025-09-23 21:06:37",461855
"W07. Red Black Tree problems.png","177SX5TE1JfkIou0b8_ouUIjG2W0BNO8x","https://drive.google.com/file/d/177SX5TE1JfkIou0b8_ouUIjG2W0BNO8x/view?usp=drivesdk","image/png","/Semester 3/22CS341-DATA STRUCTURES & ALGORITHMS/Notes and PPTs/Assignment problems","2025-09-23 21:06:39",54381
"W06. BST- AVL- Spay.docx.pdf","1Bagfx3sk0StaGCeqBs691xNOLIhzMGsO","https://drive.google.com/file/d/1Bagfx3sk0StaGCeqBs691xNOLIhzMGsO/view?usp=drivesdk","application/pdf","/Semester 3/22CS341-DATA STRUCTURES & ALGORITHMS/Notes and PPTs/Assignment problems","2025-09-23 21:06:40",85723
"W06. Tree Traversal Problems ( Binary tree).pdf","1iuLhw2J7-4UluviuC98WMGcZqWy6ZDxI","https://drive.google.com/file/d/1iuLhw2J7-4UluviuC98WMGcZqWy6ZDxI/view?usp=drivesdk","application/pdf","/Semester 3/22CS341-DATA STRUCTURES & ALGORITHMS/Notes and PPTs/Assignment problems","2025-09-23 21:06:44",845175
"W05. Applications of CLL and DLL.pdf","10tfAVEOxsGZUjBd2wXmvd2MVg7kOXWax","https://drive.google.com/file/d/10tfAVEOxsGZUjBd2wXmvd2MVg7kOXWax/view?usp=drivesdk","application/pdf","/Semester 3/22CS341-DATA STRUCTURES & ALGORITHMS/Notes and PPTs/Assignment problems","2025-09-23 21:06:43",369165
"W04. Applications of Singly Linked List.pdf","1BWgMUNB6dbHa4VDlKzF8dpXcUwuMLCNH","https://drive.google.com/file/d/1BWgMUNB6dbHa4VDlKzF8dpXcUwuMLCNH/view?usp=drivesdk","application/pdf","/Semester 3/22CS341-DATA STRUCTURES & ALGORITHMS/Notes and PPTs/Assignment problems","2025-09-23 21:06:44",45695
"W03. Basic Operations of Singly Linked List.pdf","1QlMsCD4GwkFPswc6h3KbI0JHmXB4mWHx","https://drive.google.com/file/d/1QlMsCD4GwkFPswc6h3KbI0JHmXB4mWHx/view?usp=drivesdk","application/pdf","/Semester 3/22CS341-DATA STRUCTURES & ALGORITHMS/Notes and PPTs/Assignment problems","2025-09-23 21:06:47",323376
"W01. Stacks application.jpg","1ym9bhA-DH_PzzPW7WLgDJZxFpvo8ScFe","https://drive.google.com/file/d/1ym9bhA-DH_PzzPW7WLgDJZxFpvo8ScFe/view?usp=drivesdk","image/jpeg","/Semester 3/22CS341-DATA STRUCTURES & ALGORITHMS/Notes and PPTs/Assignment problems","2025-09-23 21:06:48",739033
"W02. Applications of Stacks and Queues.pdf","1QP2u9jppsXE2K_ix7Ttv5NzOi8Mf6sp-","https://drive.google.com/file/d/1QP2u9jppsXE2K_ix7Ttv5NzOi8Mf6sp-/view?usp=drivesdk","application/pdf","/Semester 3/22CS341-DATA STRUCTURES & ALGORITHMS/Notes and PPTs/Assignment problems","2025-09-23 21:06:44",359798
"Maha notes DSA.pdf","1ZuplGt859SgUxj6BT_Yptkp30_cRz7Je","https://drive.google.com/file/d/1ZuplGt859SgUxj6BT_Yptkp30_cRz7Je/view?usp=drivesdk","application/pdf","/Semester 3/22CS341-DATA STRUCTURES & ALGORITHMS/Notes and PPTs/Notes","2025-09-23 21:06:55",973304
"DSA NOTES week 9.pdf","1kb06D2zqkBKwiQM8u2Ey-jZAnRQp4h2Q","https://drive.google.com/file/d/1kb06D2zqkBKwiQM8u2Ey-jZAnRQp4h2Q/view?usp=drivesdk","application/pdf","/Semester 3/22CS341-DATA STRUCTURES & ALGORITHMS/Notes and PPTs/Notes","2025-09-23 21:07:23",9177615
"DSA notes week 8.pdf","1Eo7jADEWhJZouq0OcNwBM6pD_tZolc9C","https://drive.google.com/file/d/1Eo7jADEWhJZouq0OcNwBM6pD_tZolc9C/view?usp=drivesdk","application/pdf","/Semester 3/22CS341-DATA STRUCTURES & ALGORITHMS/Notes and PPTs/Notes","2025-09-23 21:07:40",14217964
"DSA notes week 7.pdf","15uYv3HXse3WcPk6KrxxWOQKaZUuz2ZIY","https://drive.google.com/file/d/15uYv3HXse3WcPk6KrxxWOQKaZUuz2ZIY/view?usp=drivesdk","application/pdf","/Semester 3/22CS341-DATA STRUCTURES & ALGORITHMS/Notes and PPTs/Notes","2025-09-23 21:07:03",7363540
"DSA notes week 6.pdf","1EUn8L7uHkOhWvJ0OscsCJJ-YchK3Zhmj","https://drive.google.com/file/d/1EUn8L7uHkOhWvJ0OscsCJJ-YchK3Zhmj/view?usp=drivesdk","application/pdf","/Semester 3/22CS341-DATA STRUCTURES & ALGORITHMS/Notes and PPTs/Notes","2025-09-23 21:07:03",8929682
"DSA notes week 5.pdf","12iw14aODwpB9JNdXK8TRgjjzas161cZj","https://drive.google.com/file/d/12iw14aODwpB9JNdXK8TRgjjzas161cZj/view?usp=drivesdk","application/pdf","/Semester 3/22CS341-DATA STRUCTURES & ALGORITHMS/Notes and PPTs/Notes","2025-09-23 21:07:34",13472037
"DSA notes week 2.pdf","19NR7KCOu-sbLBXq012YS6q4pTCNKN3i9","https://drive.google.com/file/d/19NR7KCOu-sbLBXq012YS6q4pTCNKN3i9/view?usp=drivesdk","application/pdf","/Semester 3/22CS341-DATA STRUCTURES & ALGORITHMS/Notes and PPTs/Notes","2025-09-23 21:07:04",6688912
"DSA notes week 3.pdf","1I5gYtiDQTEF3Fo6cG4cQUl3kuYf4sC5C","https://drive.google.com/file/d/1I5gYtiDQTEF3Fo6cG4cQUl3kuYf4sC5C/view?usp=drivesdk","application/pdf","/Semester 3/22CS341-DATA STRUCTURES & ALGORITHMS/Notes and PPTs/Notes","2025-09-23 21:07:14",4726352
"DSA notes week 4.pdf","1VSpRr9dxFZwojQ4XB2zAnOzvfAAmaz5g","https://drive.google.com/file/d/1VSpRr9dxFZwojQ4XB2zAnOzvfAAmaz5g/view?usp=drivesdk","application/pdf","/Semester 3/22CS341-DATA STRUCTURES & ALGORITHMS/Notes and PPTs/Notes","2025-09-23 21:07:03",5323748
"DSA notes week 1.pdf","1hbmzJB1n5HTbhW5epEL-4GWA9lGhjXVl","https://drive.google.com/file/d/1hbmzJB1n5HTbhW5epEL-4GWA9lGhjXVl/view?usp=drivesdk","application/pdf","/Semester 3/22CS341-DATA STRUCTURES & ALGORITHMS/Notes and PPTs/Notes","2025-09-23 21:07:15",3818242
"LEFTIST SKEW HEAP.pdf","1Lq2mqX-QQfztBC_CV6QkzG2mTzy46FeO","https://drive.google.com/file/d/1Lq2mqX-QQfztBC_CV6QkzG2mTzy46FeO/view?usp=drivesdk","application/pdf","/Semester 3/22CS341-DATA STRUCTURES & ALGORITHMS/Notes and PPTs/Heap","2025-09-23 21:06:15",812178
"HEAP TREE (PRIORITY QUEUE).pdf","1cDy-l156zjXLuRbDBlsRnr3WLgVVVhPu","https://drive.google.com/file/d/1cDy-l156zjXLuRbDBlsRnr3WLgVVVhPu/view?usp=drivesdk","application/pdf","/Semester 3/22CS341-DATA STRUCTURES & ALGORITHMS/Notes and PPTs/Heap","2025-09-23 21:06:13",345818
"Screenshot 2024-11-10 182056.png","1iGKa7OU9lrY0qwvDmkVcIQNuUNvpW9kQ","https://drive.google.com/file/d/1iGKa7OU9lrY0qwvDmkVcIQNuUNvpW9kQ/view?usp=drivesdk","image/png","/Semester 3/22CS341-DATA STRUCTURES & ALGORITHMS/Notes and PPTs/Heap","2025-09-23 21:06:12",28035
"Huffman Coding (2).pptx.pdf","1G6CpJCiZLkNs7bMFtVwl3Qk3YpImRtnX","https://drive.google.com/file/d/1G6CpJCiZLkNs7bMFtVwl3Qk3YpImRtnX/view?usp=drivesdk","application/pdf","/Semester 3/22CS341-DATA STRUCTURES & ALGORITHMS/Notes and PPTs/Heap","2025-09-23 21:06:16",309397
"Binomial Queue.pptx.pdf","1qN5TCO-OawVyaVc9jEucVoubWo6CqSFQ","https://drive.google.com/file/d/1qN5TCO-OawVyaVc9jEucVoubWo6CqSFQ/view?usp=drivesdk","application/pdf","/Semester 3/22CS341-DATA STRUCTURES & ALGORITHMS/Notes and PPTs/Heap","2025-09-23 21:06:16",858203
"WhatsApp Image 2024-11-09 at 12.05.06_83bdbc78.jpg","1TIpOMhSqR6OhG2snH6rASYG7mlAwKHs2","https://drive.google.com/file/d/1TIpOMhSqR6OhG2snH6rASYG7mlAwKHs2/view?usp=drivesdk","image/jpeg","/Semester 3/22CS341-DATA STRUCTURES & ALGORITHMS/Notes and PPTs/Hashing","2025-09-23 21:06:08",186590
"WhatsApp Image 2024-11-09 at 12.04.58_e266bf22.jpg","1KRxQNvLWH_Kk72FqZJ92X3VtddsHbqkU","https://drive.google.com/file/d/1KRxQNvLWH_Kk72FqZJ92X3VtddsHbqkU/view?usp=drivesdk","image/jpeg","/Semester 3/22CS341-DATA STRUCTURES & ALGORITHMS/Notes and PPTs/Hashing","2025-09-23 21:06:08",173652
"Hashing 2.pdf","1uSCOofIcEv0Q-pmTyPaak-6U860d4JSP","https://drive.google.com/file/d/1uSCOofIcEv0Q-pmTyPaak-6U860d4JSP/view?usp=drivesdk","application/pdf","/Semester 3/22CS341-DATA STRUCTURES & ALGORITHMS/Notes and PPTs/Hashing","2025-09-23 21:06:13",1424929
"Hashing.pdf","1m0xpAckZScVGm2zuf1YuqB9r1Mtlvksa","https://drive.google.com/file/d/1m0xpAckZScVGm2zuf1YuqB9r1Mtlvksa/view?usp=drivesdk","application/pdf","/Semester 3/22CS341-DATA STRUCTURES & ALGORITHMS/Notes and PPTs/Hashing","2025-09-23 21:06:10",951469
"Trie.pdf","13_yOsMnxCwEcFTz9m_Amws47cGVFkba-","https://drive.google.com/file/d/13_yOsMnxCwEcFTz9m_Amws47cGVFkba-/view?usp=drivesdk","application/pdf","/Semester 3/22CS341-DATA STRUCTURES & ALGORITHMS/Notes and PPTs/Tries","2025-09-23 21:06:55",1141672
"B Tree.pdf","10VNgj44ekH218Wy_XE3BBG6XHxjFf0bc","https://drive.google.com/file/d/10VNgj44ekH218Wy_XE3BBG6XHxjFf0bc/view?usp=drivesdk","application/pdf","/Semester 3/22CS341-DATA STRUCTURES & ALGORITHMS/Notes and PPTs/B Tree or Multiway Tree","2025-09-23 21:08:08",1229637
"External Sorting Techniques.pdf","1uXKNr1PCNxAexT6tCJW1aRJdUt_n_Foo","https://drive.google.com/file/d/1uXKNr1PCNxAexT6tCJW1aRJdUt_n_Foo/view?usp=drivesdk","application/pdf","/Semester 3/22CS341-DATA STRUCTURES & ALGORITHMS/Notes and PPTs/Sorting Techniques","2025-09-23 21:06:37",541143
"Internal Sorting Algorithms.pdf","1BI1cSnkLB-AhB9BzWBzCjyHWjkz8nCGh","https://drive.google.com/file/d/1BI1cSnkLB-AhB9BzWBzCjyHWjkz8nCGh/view?usp=drivesdk","application/pdf","/Semester 3/22CS341-DATA STRUCTURES & ALGORITHMS/Notes and PPTs/Sorting Techniques","2025-09-23 21:06:37",774615
"Hybrid Adaptive Sorting Algorithm.pdf","1k7hpox70qrgFJot-x3f1F7yGPS6F1zPj","https://drive.google.com/file/d/1k7hpox70qrgFJot-x3f1F7yGPS6F1zPj/view?usp=drivesdk","application/pdf","/Semester 3/22CS341-DATA STRUCTURES & ALGORITHMS/Notes and PPTs/Trees","2025-09-23 21:01:17",61909
"LEFTIST SKEW HEAP.pdf","10C70YyYY-ZbSvEeJJ7FJjdI6TIUQCRL0","https://drive.google.com/file/d/10C70YyYY-ZbSvEeJJ7FJjdI6TIUQCRL0/view?usp=drivesdk","application/pdf","/Semester 3/22CS341-DATA STRUCTURES & ALGORITHMS/Notes and PPTs/Trees","2025-09-23 21:06:18",812178
"HEAP TREE (PRIORITY QUEUE).pdf","1mC17EI_Upjp_zuRgIsawEcEv5xcU5IAx","https://drive.google.com/file/d/1mC17EI_Upjp_zuRgIsawEcEv5xcU5IAx/view?usp=drivesdk","application/pdf","/Semester 3/22CS341-DATA STRUCTURES & ALGORITHMS/Notes and PPTs/Trees","2025-09-23 21:06:18",345818
"9.2 Time complexities of trees.png","17aPlnKMoh4s92xtffffDPSLf5AR0_ONy","https://drive.google.com/file/d/17aPlnKMoh4s92xtffffDPSLf5AR0_ONy/view?usp=drivesdk","image/png","/Semester 3/22CS341-DATA STRUCTURES & ALGORITHMS/Notes and PPTs/Trees","2025-09-23 21:06:19",61375
"9.1 Red – Black Tree Deletion.pdf","1ei1SAF02DizmWRUMulUUUldW8Omt3pC8","https://drive.google.com/file/d/1ei1SAF02DizmWRUMulUUUldW8Omt3pC8/view?usp=drivesdk","application/pdf","/Semester 3/22CS341-DATA STRUCTURES & ALGORITHMS/Notes and PPTs/Trees","2025-09-23 21:06:23",1200470
"9 RED Black Tree - Deletion Rules.pdf","1adsxUacbcppHWyLA0ZrlH0IVUu4VSmEt","https://drive.google.com/file/d/1adsxUacbcppHWyLA0ZrlH0IVUu4VSmEt/view?usp=drivesdk","application/pdf","/Semester 3/22CS341-DATA STRUCTURES & ALGORITHMS/Notes and PPTs/Trees","2025-09-23 21:06:23",464464
"8 Red – Black Tree_Insertion.pdf","1lq9rdb8BQ7yy4zIA078eiXQbUlmrsMi7","https://drive.google.com/file/d/1lq9rdb8BQ7yy4zIA078eiXQbUlmrsMi7/view?usp=drivesdk","application/pdf","/Semester 3/22CS341-DATA STRUCTURES & ALGORITHMS/Notes and PPTs/Trees","2025-09-23 21:06:37",1903615
"7. Splay Trees.pptx","1hlgB7DoIykG56TfbFuTNOwNpWDz-aanJ","https://docs.google.com/presentation/d/1hlgB7DoIykG56TfbFuTNOwNpWDz-aanJ/edit?usp=drivesdk&ouid=104497255580477485161&rtpof=true&sd=true","application/vnd.openxmlformats-officedocument.presentationml.presentation","/Semester 3/22CS341-DATA STRUCTURES & ALGORITHMS/Notes and PPTs/Trees","2025-09-23 21:06:30",126697
"6. Splay Trees.pdf","1tFJrJsAnpGZXN6v5SulK_5JmGJgECRf6","https://drive.google.com/file/d/1tFJrJsAnpGZXN6v5SulK_5JmGJgECRf6/view?usp=drivesdk","application/pdf","/Semester 3/22CS341-DATA STRUCTURES & ALGORITHMS/Notes and PPTs/Trees","2025-09-23 21:06:25",645403
"5. AVL TREE_Algorithms.pdf","11KLeF1wYLtcKPHBdBNMdJR7jJW_HFv0I","https://drive.google.com/file/d/11KLeF1wYLtcKPHBdBNMdJR7jJW_HFv0I/view?usp=drivesdk","application/pdf","/Semester 3/22CS341-DATA STRUCTURES & ALGORITHMS/Notes and PPTs/Trees","2025-09-23 21:06:33",365859
"4. LCA Stack frame.jpg","1L2zsCigM0Q0zXpiSWA-U4UOs_-rgOC3G","https://drive.google.com/file/d/1L2zsCigM0Q0zXpiSWA-U4UOs_-rgOC3G/view?usp=drivesdk","image/jpeg","/Semester 3/22CS341-DATA STRUCTURES & ALGORITHMS/Notes and PPTs/Trees","2025-09-23 21:06:32",4957582
"3. BST Basic operations.pdf","14LWJlk992Tzf5cIY2cFZzMT5Q64FquBX","https://drive.google.com/file/d/14LWJlk992Tzf5cIY2cFZzMT5Q64FquBX/view?usp=drivesdk","application/pdf","/Semester 3/22CS341-DATA STRUCTURES & ALGORITHMS/Notes and PPTs/Trees","2025-09-23 21:06:27",364338
"1. Trees - Intro.pdf","1dn41Kkmjt0t0cM_SNF8Uzw4lVR1RXUkj","https://drive.google.com/file/d/1dn41Kkmjt0t0cM_SNF8Uzw4lVR1RXUkj/view?usp=drivesdk","application/pdf","/Semester 3/22CS341-DATA STRUCTURES & ALGORITHMS/Notes and PPTs/Trees","2025-09-23 21:06:30",1011102
"2. Problems -Tree Traversal Algorithms.pdf","13JUep9U_6SvZa8c-_P5WYD7ESXpob1t3","https://drive.google.com/file/d/13JUep9U_6SvZa8c-_P5WYD7ESXpob1t3/view?usp=drivesdk","application/pdf","/Semester 3/22CS341-DATA STRUCTURES & ALGORITHMS/Notes and PPTs/Trees","2025-09-23 21:06:33",845175
"14. Trees.pdf","1-TSIAP2EKBNGB9xq2Tkt1LZp1NFEH8Wi","https://drive.google.com/file/d/1-TSIAP2EKBNGB9xq2Tkt1LZp1NFEH8Wi/view?usp=drivesdk","application/pdf","/Semester 3/22CS341-DATA STRUCTURES & ALGORITHMS/Notes and PPTs/Trees/GITHUB NOTES","2025-09-23 21:10:58",3059321
"15. Binary Search Tree.pdf","16iti2_bk8QzJWzJJFrj5OJDI4qt-4o0w","https://drive.google.com/file/d/16iti2_bk8QzJWzJJFrj5OJDI4qt-4o0w/view?usp=drivesdk","application/pdf","/Semester 3/22CS341-DATA STRUCTURES & ALGORITHMS/Notes and PPTs/Trees/GITHUB NOTES","2025-09-23 21:10:53",1168185
"16. AVL Trees.pdf","1L1wcrBi3jiIvSmXLnoyD1dDOPqUEyCse","https://drive.google.com/file/d/1L1wcrBi3jiIvSmXLnoyD1dDOPqUEyCse/view?usp=drivesdk","application/pdf","/Semester 3/22CS341-DATA STRUCTURES & ALGORITHMS/Notes and PPTs/Trees/GITHUB NOTES","2025-09-23 21:10:57",1396685
"17. Search Trees.pdf","1nUY5yy8JadAoj_QUs1bjHVFXsCke6Y_z","https://drive.google.com/file/d/1nUY5yy8JadAoj_QUs1bjHVFXsCke6Y_z/view?usp=drivesdk","application/pdf","/Semester 3/22CS341-DATA STRUCTURES & ALGORITHMS/Notes and PPTs/Trees/GITHUB NOTES","2025-09-23 21:10:58",1248074
"Stack & Queue  Applications.pdf","1me5JG2QLzuU6LFxwgXLMyUM26hpIqJ7K","https://drive.google.com/file/d/1me5JG2QLzuU6LFxwgXLMyUM26hpIqJ7K/view?usp=drivesdk","application/pdf","/Semester 3/22CS341-DATA STRUCTURES & ALGORITHMS/Notes and PPTs/Queues","2025-09-23 21:07:19",233073
"13. Queue.pdf","1zcFYSG_yg9iTqLeKLyezlIEWS_bGT9JS","https://drive.google.com/file/d/1zcFYSG_yg9iTqLeKLyezlIEWS_bGT9JS/view?usp=drivesdk","application/pdf","/Semester 3/22CS341-DATA STRUCTURES & ALGORITHMS/Notes and PPTs/Queues","2025-09-23 21:07:25",1168278
"10. Linked List.pdf","1dmAPUc4DF1ncKtCponhmlfKYP_rs-eNo","https://drive.google.com/file/d/1dmAPUc4DF1ncKtCponhmlfKYP_rs-eNo/view?usp=drivesdk","application/pdf","/Semester 3/22CS341-DATA STRUCTURES & ALGORITHMS/Notes and PPTs/Linked list","2025-09-23 21:06:50",3136126
"12. Stack.pdf","1EZq_y_mLkiAky-PzjLtfLDJqm9In_vFD","https://drive.google.com/file/d/1EZq_y_mLkiAky-PzjLtfLDJqm9In_vFD/view?usp=drivesdk","application/pdf","/Semester 3/22CS341-DATA STRUCTURES & ALGORITHMS/Notes and PPTs/Stacks","2025-09-23 21:06:50",1663010
"Balanced Braces.pdf","1mu3kBLl1j_6cWt8h8cwKFAAtbE1uO4-_","https://drive.google.com/file/d/1mu3kBLl1j_6cWt8h8cwKFAAtbE1uO4-_/view?usp=drivesdk","application/pdf","/Semester 3/22CS341-DATA STRUCTURES & ALGORITHMS/Notes and PPTs/Stacks","2025-09-23 21:06:50",241140
"STACK.pdf","1I4IYg3-oV6r3EAaE8G_a1V3q2jk-LCvl","https://drive.google.com/file/d/1I4IYg3-oV6r3EAaE8G_a1V3q2jk-LCvl/view?usp=drivesdk","application/pdf","/Semester 3/22CS341-DATA STRUCTURES & ALGORITHMS/Notes and PPTs/Stacks","2025-09-23 21:06:53",557058
"Infix to Postfix.pdf","1RfzD-SvKw80xyYj_ff3ArXcT1zxL8Fuy","https://drive.google.com/file/d/1RfzD-SvKw80xyYj_ff3ArXcT1zxL8Fuy/view?usp=drivesdk","application/pdf","/Semester 3/22CS341-DATA STRUCTURES & ALGORITHMS/Notes and PPTs/Stacks","2025-09-23 21:06:53",240805
"Postfix Evaluation.pdf","1BdQUwE55R6pkXtsUYu8uIFzCkhxY3mz3","https://drive.google.com/file/d/1BdQUwE55R6pkXtsUYu8uIFzCkhxY3mz3/view?usp=drivesdk","application/pdf","/Semester 3/22CS341-DATA STRUCTURES & ALGORITHMS/Notes and PPTs/Stacks","2025-09-23 21:06:52",236603
"COURSE_PLAN.pdf","185J4Yher79qLqdAwV4JTqxqbCky4p23v","https://drive.google.com/file/d/185J4Yher79qLqdAwV4JTqxqbCky4p23v/view?usp=drivesdk","application/pdf","/Semester 3/22CS341-DATA STRUCTURES & ALGORITHMS/Course Plan","2025-09-21 18:07:05",303670
"DSA.pdf","1UOo6U90CLCi-6RR8zGtwd24tennv6ODp","https://drive.google.com/file/d/1UOo6U90CLCi-6RR8zGtwd24tennv6ODp/view?usp=drivesdk","application/pdf","/Semester 3/22CS341-DATA STRUCTURES & ALGORITHMS/Question Papers","2025-09-23 21:01:26",6152680
"DSA answer sheet of joshi.pdf","1VRpm0P0KDqlcGOtfFmCITx5S6TAaTAr4","https://drive.google.com/file/d/1VRpm0P0KDqlcGOtfFmCITx5S6TAaTAr4/view?usp=drivesdk","application/pdf","/Semester 3/22CS341-DATA STRUCTURES & ALGORITHMS/Question Papers","2025-09-23 21:01:29",17482801
"COURSE_PLAN.pdf","18EsskjVAfgAc3TpTGGKShPT0XdTXeN2-","https://drive.google.com/file/d/18EsskjVAfgAc3TpTGGKShPT0XdTXeN2-/view?usp=drivesdk","application/pdf","/Semester 3/22CS330-OBJECT ORIENTED PROGRAMMING/Course Plan","2025-09-21 18:07:53",505913
"OOPS NOTES CAT 2.pdf","1sCIeXKsPQbtgwahsIAb5H49lVI2AfiZy","https://drive.google.com/file/d/1sCIeXKsPQbtgwahsIAb5H49lVI2AfiZy/view?usp=drivesdk","application/pdf","/Semester 3/22CS330-OBJECT ORIENTED PROGRAMMING/Notes and PPTS/NOTES(BY Joshika)","2025-09-23 21:04:43",27336040
"Oops notes of Josh CAT 1.pdf","17cLoSy1p44iN8LR9AHO0_YNkGqqE9_WZ","https://drive.google.com/file/d/17cLoSy1p44iN8LR9AHO0_YNkGqqE9_WZ/view?usp=drivesdk","application/pdf","/Semester 3/22CS330-OBJECT ORIENTED PROGRAMMING/Notes and PPTS/NOTES(BY Joshika)","2025-09-23 21:04:48",42257607
"3. COLLECTION.pptx","1ZlrUTOqBbHv8dgJ_QXO1PPqyi-r7MR7I","https://docs.google.com/presentation/d/1ZlrUTOqBbHv8dgJ_QXO1PPqyi-r7MR7I/edit?usp=drivesdk&ouid=104497255580477485161&rtpof=true&sd=true","application/vnd.openxmlformats-officedocument.presentationml.presentation","/Semester 3/22CS330-OBJECT ORIENTED PROGRAMMING/Notes and PPTS/Viji Mam Slides/Cat 2","2025-09-23 21:09:33",2538880
"4. Collections part 2.pptx","1JUiM_irJouykMH0-p4d3kW_tGaTB6ch0","https://docs.google.com/presentation/d/1JUiM_irJouykMH0-p4d3kW_tGaTB6ch0/edit?usp=drivesdk&ouid=104497255580477485161&rtpof=true&sd=true","application/vnd.openxmlformats-officedocument.presentationml.presentation","/Semester 3/22CS330-OBJECT ORIENTED PROGRAMMING/Notes and PPTS/Viji Mam Slides/Cat 2","2025-09-23 21:09:33",1220086
"7. networking.ppt","16vy2R6qEih4PaI60u9vN1iWYblFaLXSM","https://docs.google.com/presentation/d/16vy2R6qEih4PaI60u9vN1iWYblFaLXSM/edit?usp=drivesdk&ouid=104497255580477485161&rtpof=true&sd=true","application/vnd.ms-powerpoint","/Semester 3/22CS330-OBJECT ORIENTED PROGRAMMING/Notes and PPTS/Viji Mam Slides/Cat 2","2025-09-23 21:09:28",467968
"6. Swing.pdf","1dHOFzvdhvgNhzOidHjDItRBuuv_rWuco","https://drive.google.com/file/d/1dHOFzvdhvgNhzOidHjDItRBuuv_rWuco/view?usp=drivesdk","application/pdf","/Semester 3/22CS330-OBJECT ORIENTED PROGRAMMING/Notes and PPTS/Viji Mam Slides/Cat 2","2025-09-23 21:09:31",131637
"5. Applet, Event Handling and Files.pdf","1wKHZypMFE0kKNwL6nduIzmiJMSyelEcY","https://drive.google.com/file/d/1wKHZypMFE0kKNwL6nduIzmiJMSyelEcY/view?usp=drivesdk","application/pdf","/Semester 3/22CS330-OBJECT ORIENTED PROGRAMMING/Notes and PPTS/Viji Mam Slides/Cat 2","2025-09-23 21:09:27",296452
"2. Exception Handling.ppt","1JPvL2rIGXtFZmJuf4OPqB1nyqCEPfUSU","https://docs.google.com/presentation/d/1JPvL2rIGXtFZmJuf4OPqB1nyqCEPfUSU/edit?usp=drivesdk&ouid=104497255580477485161&rtpof=true&sd=true","application/vnd.ms-powerpoint","/Semester 3/22CS330-OBJECT ORIENTED PROGRAMMING/Notes and PPTS/Viji Mam Slides/Cat 2","2025-09-23 21:09:28",467456
"1. exception.pptx","1ksMbu9lmVPlCqy8wl08Pr7ULUeQ-hT4G","https://docs.google.com/presentation/d/1ksMbu9lmVPlCqy8wl08Pr7ULUeQ-hT4G/edit?usp=drivesdk&ouid=104497255580477485161&rtpof=true&sd=true","application/vnd.openxmlformats-officedocument.presentationml.presentation","/Semester 3/22CS330-OBJECT ORIENTED PROGRAMMING/Notes and PPTS/Viji Mam Slides/Cat 2","2025-09-23 21:09:33",764888
"exception.pptx","1LsqhOtestelkphYhOzsB5AWR_Qf1hv0V","https://docs.google.com/presentation/d/1LsqhOtestelkphYhOzsB5AWR_Qf1hv0V/edit?usp=drivesdk&ouid=104497255580477485161&rtpof=true&sd=true","application/vnd.openxmlformats-officedocument.presentationml.presentation","/Semester 3/22CS330-OBJECT ORIENTED PROGRAMMING/Notes and PPTS/Viji Mam Slides/VIJI MAM PDFS","2025-09-23 21:09:42",764888
"Exception Handling.ppt","1kTOhjRJPy7XIPKLXnF1eW5DIp27mCNrL","https://docs.google.com/presentation/d/1kTOhjRJPy7XIPKLXnF1eW5DIp27mCNrL/edit?usp=drivesdk&ouid=104497255580477485161&rtpof=true&sd=true","application/vnd.ms-powerpoint","/Semester 3/22CS330-OBJECT ORIENTED PROGRAMMING/Notes and PPTS/Viji Mam Slides/VIJI MAM PDFS","2025-09-23 21:09:36",467456
"swing password.pdf","16mRjc4Tt8hwm1W0XYDF6VBls0gpx-ZMR","https://drive.google.com/file/d/16mRjc4Tt8hwm1W0XYDF6VBls0gpx-ZMR/view?usp=drivesdk","application/pdf","/Semester 3/22CS330-OBJECT ORIENTED PROGRAMMING/Notes and PPTS/Viji Mam Slides/VIJI MAM PDFS","2025-09-23 21:09:39",208111
"Swing and File.pdf","1ddnDaObrKD71I2UbhPwxclKh4YD2mVE2","https://drive.google.com/file/d/1ddnDaObrKD71I2UbhPwxclKh4YD2mVE2/view?usp=drivesdk","application/pdf","/Semester 3/22CS330-OBJECT ORIENTED PROGRAMMING/Notes and PPTS/Viji Mam Slides/VIJI MAM PDFS","2025-09-23 21:09:36",215820
"Swing.pdf","11Y-22bSsIWkU1URutY7lULEIyK_vDOUy","https://drive.google.com/file/d/11Y-22bSsIWkU1URutY7lULEIyK_vDOUy/view?usp=drivesdk","application/pdf","/Semester 3/22CS330-OBJECT ORIENTED PROGRAMMING/Notes and PPTS/Viji Mam Slides/VIJI MAM PDFS","2025-09-23 21:09:36",131637
"Applet, Event Handling and Files.pdf","1oUk7_i5o7Yw_G1Q82wXcBBInwQ6czGFQ","https://drive.google.com/file/d/1oUk7_i5o7Yw_G1Q82wXcBBInwQ6czGFQ/view?usp=drivesdk","application/pdf","/Semester 3/22CS330-OBJECT ORIENTED PROGRAMMING/Notes and PPTS/Viji Mam Slides/VIJI MAM PDFS","2025-09-23 21:09:34",296452
"2 classdiagram.pdf","1xjVqE2e5whpIDyXG-SmlZR77eMPe8tzs","https://drive.google.com/file/d/1xjVqE2e5whpIDyXG-SmlZR77eMPe8tzs/view?usp=drivesdk","application/pdf","/Semester 3/22CS330-OBJECT ORIENTED PROGRAMMING/Notes and PPTS/Viji Mam Slides/VIJI MAM PDFS","2025-09-23 21:09:43",1677390
"1Introduction and OOPs Concepts.pdf","18eSpJ8NfRW7MBL6pgq6srO4ayMGj289-","https://drive.google.com/file/d/18eSpJ8NfRW7MBL6pgq6srO4ayMGj289-/view?usp=drivesdk","application/pdf","/Semester 3/22CS330-OBJECT ORIENTED PROGRAMMING/Notes and PPTS/Viji Mam Slides/VIJI MAM PDFS","2025-09-23 21:09:49",10773401
"Java Quiz.pptx","1Z5GNddMe5n9HFR7wXNGHLVqFPiX281SW","https://docs.google.com/presentation/d/1Z5GNddMe5n9HFR7wXNGHLVqFPiX281SW/edit?usp=drivesdk&ouid=104497255580477485161&rtpof=true&sd=true","application/vnd.openxmlformats-officedocument.presentationml.presentation","/Semester 3/22CS330-OBJECT ORIENTED PROGRAMMING/Notes and PPTS/Viji Mam Slides/VIJI MAM PDFS","2025-09-23 21:09:43",255825
"java program.pdf","11l-FWXrf7LjhNNxU_knZX7TbCZNUnRI6","https://drive.google.com/file/d/11l-FWXrf7LjhNNxU_knZX7TbCZNUnRI6/view?usp=drivesdk","application/pdf","/Semester 3/22CS330-OBJECT ORIENTED PROGRAMMING/Notes and PPTS/Viji Mam Slides/VIJI MAM PDFS","2025-09-23 21:09:38",200882
"Example of Aggregation AND pASSING aRRAY.docx","1k14OeEqGIX3tCYn_F0EC4enAXJBd0JY1","https://docs.google.com/document/d/1k14OeEqGIX3tCYn_F0EC4enAXJBd0JY1/edit?usp=drivesdk&ouid=104497255580477485161&rtpof=true&sd=true","application/vnd.openxmlformats-officedocument.wordprocessingml.document","/Semester 3/22CS330-OBJECT ORIENTED PROGRAMMING/Notes and PPTS/Viji Mam Slides/VIJI MAM PDFS","2025-09-23 21:09:39",45004
"Interface Quiz.pptx","1xo6iVceorC3stBbHZv-QPXDswSK30sQ6","https://docs.google.com/presentation/d/1xo6iVceorC3stBbHZv-QPXDswSK30sQ6/edit?usp=drivesdk&ouid=104497255580477485161&rtpof=true&sd=true","application/vnd.openxmlformats-officedocument.presentationml.presentation","/Semester 3/22CS330-OBJECT ORIENTED PROGRAMMING/Notes and PPTS/Viji Mam Slides/VIJI MAM PDFS","2025-09-23 21:09:46",236878
"6 Introduction to Java(1).pdf","1ZPx62I7Z-COEmmELyaP6SlVZFamC49_0","https://drive.google.com/file/d/1ZPx62I7Z-COEmmELyaP6SlVZFamC49_0/view?usp=drivesdk","application/pdf","/Semester 3/22CS330-OBJECT ORIENTED PROGRAMMING/Notes and PPTS/Viji Mam Slides/VIJI MAM PDFS","2025-09-23 21:09:40",213140
"4 Banking System Class Diagram.pptx","1__vPav3mRfIp3gipFz6hTxS0uPfvzKVD","https://docs.google.com/presentation/d/1__vPav3mRfIp3gipFz6hTxS0uPfvzKVD/edit?usp=drivesdk&ouid=104497255580477485161&rtpof=true&sd=true","application/vnd.openxmlformats-officedocument.presentationml.presentation","/Semester 3/22CS330-OBJECT ORIENTED PROGRAMMING/Notes and PPTS/Viji Mam Slides/VIJI MAM PDFS","2025-09-23 21:09:42",539271
"0.combined.pdf","1MlfUvPqGFDV2Imb7l38KCXwW2L4tONWw","https://drive.google.com/file/d/1MlfUvPqGFDV2Imb7l38KCXwW2L4tONWw/view?usp=drivesdk","application/pdf","/Semester 3/22CS330-OBJECT ORIENTED PROGRAMMING/Notes and PPTS/Viji Mam Slides/Cat 1","2025-09-23 21:09:58",14326436
"5 Java Quiz.pptx","1cRSqDmag1esKOisqRWyGRWc-encLhnrr","https://docs.google.com/presentation/d/1cRSqDmag1esKOisqRWyGRWc-encLhnrr/edit?usp=drivesdk&ouid=104497255580477485161&rtpof=true&sd=true","application/vnd.openxmlformats-officedocument.presentationml.presentation","/Semester 3/22CS330-OBJECT ORIENTED PROGRAMMING/Notes and PPTS/Viji Mam Slides/Cat 1","2025-09-23 21:09:46",255825
"4 Introduction to Java Programming.pdf","1lEcVARomauASvFfEo-EnOclxRuuQg2Cy","https://drive.google.com/file/d/1lEcVARomauASvFfEo-EnOclxRuuQg2Cy/view?usp=drivesdk","application/pdf","/Semester 3/22CS330-OBJECT ORIENTED PROGRAMMING/Notes and PPTS/Viji Mam Slides/Cat 1","2025-09-23 21:09:50",213140
"3 Banking System Class Diagram.pptx","1P0ArxGtCj155Kg-lZGvU_EfL9Ztdavft","https://docs.google.com/presentation/d/1P0ArxGtCj155Kg-lZGvU_EfL9Ztdavft/edit?usp=drivesdk&ouid=104497255580477485161&rtpof=true&sd=true","application/vnd.openxmlformats-officedocument.presentationml.presentation","/Semester 3/22CS330-OBJECT ORIENTED PROGRAMMING/Notes and PPTS/Viji Mam Slides/Cat 1","2025-09-23 21:09:46",539271
"2 classdiagram.pdf","18brfm6ZjwMruIAIwCXZzKgk4-qR5N6H2","https://drive.google.com/file/d/18brfm6ZjwMruIAIwCXZzKgk4-qR5N6H2/view?usp=drivesdk","application/pdf","/Semester 3/22CS330-OBJECT ORIENTED PROGRAMMING/Notes and PPTS/Viji Mam Slides/Cat 1","2025-09-23 21:09:50",1677390
"1Introduction and OOPs Concepts.pdf","1AX_-XKbQ8FQQfzTww6gl2Mc-Iamg_8as","https://drive.google.com/file/d/1AX_-XKbQ8FQQfzTww6gl2Mc-Iamg_8as/view?usp=drivesdk","application/pdf","/Semester 3/22CS330-OBJECT ORIENTED PROGRAMMING/Notes and PPTS/Viji Mam Slides/Cat 1","2025-09-23 21:09:56",10773401
"Applet- Event Handling and Files (2).pdf","1pXurbYXA4pHTtm0moBX2L0T86zOL0Nil","https://drive.google.com/file/d/1pXurbYXA4pHTtm0moBX2L0T86zOL0Nil/view?usp=drivesdk","application/pdf","/Semester 3/22CS330-OBJECT ORIENTED PROGRAMMING/Notes and PPTS/SUBBULAKSHMI MAM PPTS (CAT 2)","2025-09-23 21:03:48",296452
"exception.pptx.pdf","1mUVDfEOcmc7rWO4ZB65ve-zVSW45CwIf","https://drive.google.com/file/d/1mUVDfEOcmc7rWO4ZB65ve-zVSW45CwIf/view?usp=drivesdk","application/pdf","/Semester 3/22CS330-OBJECT ORIENTED PROGRAMMING/Notes and PPTS/SUBBULAKSHMI MAM PPTS (CAT 2)","2025-09-23 21:03:50",782005
"Serialization.pptx.pdf","1KvQOqPTxugmJKioQyHVygRIqD5Sk3Dei","https://drive.google.com/file/d/1KvQOqPTxugmJKioQyHVygRIqD5Sk3Dei/view?usp=drivesdk","application/pdf","/Semester 3/22CS330-OBJECT ORIENTED PROGRAMMING/Notes and PPTS/SUBBULAKSHMI MAM PPTS (CAT 2)","2025-09-23 21:03:49",512637
"File Handling.docx.pdf","1qVyS_QAUxALrmmY_Fa1_r2Ym3KBsWFT6","https://drive.google.com/file/d/1qVyS_QAUxALrmmY_Fa1_r2Ym3KBsWFT6/view?usp=drivesdk","application/pdf","/Semester 3/22CS330-OBJECT ORIENTED PROGRAMMING/Notes and PPTS/SUBBULAKSHMI MAM PPTS (CAT 2)","2025-09-23 21:03:50",1249554
"Threading.pptx.pdf","1mkeXkO5tf2pxkkxOMPxMsMJKpkmJ_Kwq","https://drive.google.com/file/d/1mkeXkO5tf2pxkkxOMPxMsMJKpkmJ_Kwq/view?usp=drivesdk","application/pdf","/Semester 3/22CS330-OBJECT ORIENTED PROGRAMMING/Notes and PPTS/SUBBULAKSHMI MAM PPTS (CAT 2)","2025-09-23 21:04:04",1668558
"GUI11.docx.pdf","1WNOLZmj5ensrrm9rb8mAY1Ctte5_0h0O","https://drive.google.com/file/d/1WNOLZmj5ensrrm9rb8mAY1Ctte5_0h0O/view?usp=drivesdk","application/pdf","/Semester 3/22CS330-OBJECT ORIENTED PROGRAMMING/Notes and PPTS/SUBBULAKSHMI MAM PPTS (CAT 2)","2025-09-23 21:03:52",1046824
"AOOP - Unit III.pptx.pdf","1u22gok7o7FYkvppoWrjKLZMmiGSDxuTF","https://drive.google.com/file/d/1u22gok7o7FYkvppoWrjKLZMmiGSDxuTF/view?usp=drivesdk","application/pdf","/Semester 3/22CS330-OBJECT ORIENTED PROGRAMMING/Notes and PPTS/GITHUB NOTES","2025-09-23 21:04:08",2085944
"AOOP - UNIT II.ppt.pdf","1Pn5ho2CaCCspgL1pXZgDTmvx30xx5hhh","https://drive.google.com/file/d/1Pn5ho2CaCCspgL1pXZgDTmvx30xx5hhh/view?usp=drivesdk","application/pdf","/Semester 3/22CS330-OBJECT ORIENTED PROGRAMMING/Notes and PPTS/GITHUB NOTES","2025-09-23 21:04:06",1527307
"1.pptx","1B2YJWfxFZx3ZB1IHoaBpLKEgizaCRmqX","https://docs.google.com/presentation/d/1B2YJWfxFZx3ZB1IHoaBpLKEgizaCRmqX/edit?usp=drivesdk&ouid=104497255580477485161&rtpof=true&sd=true","application/vnd.openxmlformats-officedocument.presentationml.presentation","/Semester 3/22CS330-OBJECT ORIENTED PROGRAMMING/Notes and PPTS/INDIRA MAM PPTS","2025-09-23 21:04:43",945313
"Classes and Objects.pptx","1b7cYer3Z4xWqCslwZoa-i38umcEZ_5cr","https://docs.google.com/presentation/d/1b7cYer3Z4xWqCslwZoa-i38umcEZ_5cr/edit?usp=drivesdk&ouid=104497255580477485161&rtpof=true&sd=true","application/vnd.openxmlformats-officedocument.presentationml.presentation","/Semester 3/22CS330-OBJECT ORIENTED PROGRAMMING/Notes and PPTS/INDIRA MAM PPTS","2025-09-23 21:04:47",1732337
"Unit 1.pptx","1okdSN52w6INDN9O7giAI2nNDncj-WIwq","https://docs.google.com/presentation/d/1okdSN52w6INDN9O7giAI2nNDncj-WIwq/edit?usp=drivesdk&ouid=104497255580477485161&rtpof=true&sd=true","application/vnd.openxmlformats-officedocument.presentationml.presentation","/Semester 3/22CS330-OBJECT ORIENTED PROGRAMMING/Notes and PPTS/INDIRA MAM PPTS","2025-09-23 21:04:44",2742555
"network.docx","11GnOSCxvRrLu9VjGqR6VvRwSht8h8Yi5","https://docs.google.com/document/d/11GnOSCxvRrLu9VjGqR6VvRwSht8h8Yi5/edit?usp=drivesdk&ouid=104497255580477485161&rtpof=true&sd=true","application/vnd.openxmlformats-officedocument.wordprocessingml.document","/Semester 3/22CS330-OBJECT ORIENTED PROGRAMMING/Notes and PPTS/INDIRA MAM PPTS/CAT 2","2025-09-23 21:09:55",464880
"jn.pptx","1r3_q-2yqk72oxU5Hg7Z86LVyavtQZaYW","https://docs.google.com/presentation/d/1r3_q-2yqk72oxU5Hg7Z86LVyavtQZaYW/edit?usp=drivesdk&ouid=104497255580477485161&rtpof=true&sd=true","application/vnd.openxmlformats-officedocument.presentationml.presentation","/Semester 3/22CS330-OBJECT ORIENTED PROGRAMMING/Notes and PPTS/INDIRA MAM PPTS/CAT 2","2025-09-23 21:10:06",3547812
"collections.pdf","1YSKI5eR3-q9JhSzD3LqReuMDsrgMWzKA","https://drive.google.com/file/d/1YSKI5eR3-q9JhSzD3LqReuMDsrgMWzKA/view?usp=drivesdk","application/pdf","/Semester 3/22CS330-OBJECT ORIENTED PROGRAMMING/Notes and PPTS/INDIRA MAM PPTS/CAT 2","2025-09-23 21:10:02",2094637
"GUI.pptx","18kFzArtdxG_Jl42sbvJXCA9fZypirZxL","https://docs.google.com/presentation/d/18kFzArtdxG_Jl42sbvJXCA9fZypirZxL/edit?usp=drivesdk&ouid=104497255580477485161&rtpof=true&sd=true","application/vnd.openxmlformats-officedocument.presentationml.presentation","/Semester 3/22CS330-OBJECT ORIENTED PROGRAMMING/Notes and PPTS/INDIRA MAM PPTS/CAT 2","2025-09-23 21:09:59",43667
"exception.pdf","12qy2y2wGSP8Aet6z4iBoFqNyJHmYeDyj","https://drive.google.com/file/d/12qy2y2wGSP8Aet6z4iBoFqNyJHmYeDyj/view?usp=drivesdk","application/pdf","/Semester 3/22CS330-OBJECT ORIENTED PROGRAMMING/Notes and PPTS/INDIRA MAM PPTS/CAT 2","2025-09-23 21:10:00",821610
"Serialization.docx","1j4-AHpYj2CsZnl_ZPXaFmQbvos3BOCq9","https://docs.google.com/document/d/1j4-AHpYj2CsZnl_ZPXaFmQbvos3BOCq9/edit?usp=drivesdk&ouid=104497255580477485161&rtpof=true&sd=true","application/vnd.openxmlformats-officedocument.wordprocessingml.document","/Semester 3/22CS330-OBJECT ORIENTED PROGRAMMING/Notes and PPTS/INDIRA MAM PPTS/CAT 2","2025-09-23 21:09:53",84480
"GUI11.docx","1jMKfbCyltnrtRn-bdsogpQL7f_czEvlU","https://docs.google.com/document/d/1jMKfbCyltnrtRn-bdsogpQL7f_czEvlU/edit?usp=drivesdk&ouid=104497255580477485161&rtpof=true&sd=true","application/vnd.openxmlformats-officedocument.wordprocessingml.document","/Semester 3/22CS330-OBJECT ORIENTED PROGRAMMING/Notes and PPTS/INDIRA MAM PPTS/CAT 2","2025-09-23 21:10:02",492817
"files.pdf","1_V4QguKweieatzvAb1wrCgpr6HuCbh44","https://drive.google.com/file/d/1_V4QguKweieatzvAb1wrCgpr6HuCbh44/view?usp=drivesdk","application/pdf","/Semester 3/22CS330-OBJECT ORIENTED PROGRAMMING/Notes and PPTS/INDIRA MAM PPTS/CAT 2","2025-09-23 21:10:03",1255249
"thread.docx","1MKCnIrCXBv6dsNFRl3khf7Lhe0H0c154","https://docs.google.com/document/d/1MKCnIrCXBv6dsNFRl3khf7Lhe0H0c154/edit?usp=drivesdk&ouid=104497255580477485161&rtpof=true&sd=true","application/vnd.openxmlformats-officedocument.wordprocessingml.document","/Semester 3/22CS330-OBJECT ORIENTED PROGRAMMING/Notes and PPTS/INDIRA MAM PPTS/CAT 2","2025-09-23 21:09:56",51194
"generics.pdf","1iN0L1cvbKcsekNnwVchhE2OJcRZkt69L","https://drive.google.com/file/d/1iN0L1cvbKcsekNnwVchhE2OJcRZkt69L/view?usp=drivesdk","application/pdf","/Semester 3/22CS330-OBJECT ORIENTED PROGRAMMING/Notes and PPTS/INDIRA MAM PPTS/CAT 2","2025-09-23 21:09:58",246192
"Serialization.pptx","1rThXCHL6KmdHurQ5DGrluh1OeNKg2vYK","https://docs.google.com/presentation/d/1rThXCHL6KmdHurQ5DGrluh1OeNKg2vYK/edit?usp=drivesdk&ouid=104497255580477485161&rtpof=true&sd=true","application/vnd.openxmlformats-officedocument.presentationml.presentation","/Semester 3/22CS330-OBJECT ORIENTED PROGRAMMING/Notes and PPTS/INDIRA MAM PPTS/CAT 2","2025-09-23 21:10:02",732840
"JAVA_THE_COMPLETE_REFERENCE 7E.pdf","1td6ACHrb-LANAioFYbSue7-ZYQMlCy_t","https://drive.google.com/file/d/1td6ACHrb-LANAioFYbSue7-ZYQMlCy_t/view?usp=drivesdk","application/pdf","/Semester 3/22CS330-OBJECT ORIENTED PROGRAMMING/Books","2025-09-23 21:01:08",7644471
"Java_the_complete_reference_twelfth_edition.pdf","1Pi-ULj2P1KmwIFRlwBM-jb2t_Vx0V4Sv","https://drive.google.com/file/d/1Pi-ULj2P1KmwIFRlwBM-jb2t_Vx0V4Sv/view?usp=drivesdk","application/pdf","/Semester 3/22CS330-OBJECT ORIENTED PROGRAMMING/Books","2025-09-21 18:07:58",12096815
"Copy of OOPS QN PAPER IT.pdf","1WGYcbhyzkSKkFEkhoNA5jvp5R0YjAew3","https://drive.google.com/file/d/1WGYcbhyzkSKkFEkhoNA5jvp5R0YjAew3/view?usp=drivesdk","application/pdf","/Semester 3/22CS330-OBJECT ORIENTED PROGRAMMING/Question Papers","2025-09-24 10:05:10",75890
"CAT 1 Updated Key.pdf","1rONetVN7bYJTQXmeuXz2xPGaO8_MCWha","https://drive.google.com/file/d/1rONetVN7bYJTQXmeuXz2xPGaO8_MCWha/view?usp=drivesdk","application/pdf","/Semester 3/22CS330-OBJECT ORIENTED PROGRAMMING/Question Papers","2025-09-23 21:01:03",389262
"CAT 2 Final.pdf","1ftMtcOg3gyO5AWh8fWLQNaIo92lH50_u","https://drive.google.com/file/d/1ftMtcOg3gyO5AWh8fWLQNaIo92lH50_u/view?usp=drivesdk","application/pdf","/Semester 3/22CS330-OBJECT ORIENTED PROGRAMMING/Question Papers","2025-09-23 21:00:59",582521
"OOP QN PAPER CSE PREV.pdf","1sIsGHS-jZsd934Q0_zCS_Gw2L7UUNy9T","https://drive.google.com/file/d/1sIsGHS-jZsd934Q0_zCS_Gw2L7UUNy9T/view?usp=drivesdk","application/pdf","/Semester 3/22CS330-OBJECT ORIENTED PROGRAMMING/Question Papers","2025-09-23 21:01:02",53715
"System Thinking template 2023.docx","1eQc7cukAVp6uZrVn20lVJG083se_Im9w","https://docs.google.com/document/d/1eQc7cukAVp6uZrVn20lVJG083se_Im9w/edit?usp=drivesdk&ouid=104497255580477485161&rtpof=true&sd=true","application/vnd.openxmlformats-officedocument.wordprocessingml.document","/Semester 3/22ES390-DESIGN THINKING/Notes and PPTs","2025-09-24 10:26:02",294347
"REPORT TEMPLATE.pdf","1ci-zaHqRNKx0w9RrMv8xOtka5bN8wUe-","https://drive.google.com/file/d/1ci-zaHqRNKx0w9RrMv8xOtka5bN8wUe-/view?usp=drivesdk","application/pdf","/Semester 3/22ES390-DESIGN THINKING/Notes and PPTs","2025-09-24 10:20:07",375127
"MODEL LAB II QUESTIONS.pdf","1_gsE_AgWnKTH_OQEphTSLrMcrulzKb8v","https://drive.google.com/file/d/1_gsE_AgWnKTH_OQEphTSLrMcrulzKb8v/view?usp=drivesdk","application/pdf","/Semester 3/22CS370-DATA STRUCTURES LAB/Question Papers","2025-09-23 21:01:20",326504
"CAT I Pattern.docx","1yTInVbtATTRgKvtVN5cYN_fYRbmf3QNT","https://docs.google.com/document/d/1yTInVbtATTRgKvtVN5cYN_fYRbmf3QNT/edit?usp=drivesdk&ouid=104497255580477485161&rtpof=true&sd=true","application/vnd.openxmlformats-officedocument.wordprocessingml.document","/Semester 3/22CS370-DATA STRUCTURES LAB/Question Papers","2025-09-23 21:01:20",14662
"DS LAB_Courseplan.pdf","1SJWH2TDp7o4Df8kLB4qmh0fIhywzB1Si","https://drive.google.com/file/d/1SJWH2TDp7o4Df8kLB4qmh0fIhywzB1Si/view?usp=drivesdk","application/pdf","/Semester 3/22CS370-DATA STRUCTURES LAB/Course Plan","2025-09-24 10:25:02",281468
"Model lab 2 codes.docx","1tBImgEhkt7UXpN0pImICPYaSswJWvAYJ","https://docs.google.com/document/d/1tBImgEhkt7UXpN0pImICPYaSswJWvAYJ/edit?usp=drivesdk&ouid=104497255580477485161&rtpof=true&sd=true","application/vnd.openxmlformats-officedocument.wordprocessingml.document","/Semester 3/22CS370-DATA STRUCTURES LAB/Notes and PPTs","2025-09-23 21:01:17",60018
"DATA STRUCTURE AND ALGORITHMS Mark-up.pdf","1kZ1xPETB3lmLWcg7UeapZYRgL0UpTHiX","https://drive.google.com/file/d/1kZ1xPETB3lmLWcg7UeapZYRgL0UpTHiX/view?usp=drivesdk","application/pdf","/Semester 3/22CS370-DATA STRUCTURES LAB/Notes and PPTs","2025-09-23 21:01:21",1394588
"10. DS LAB exp 10 Binary Heap operations.docx","1bn_0akwmFKRI01qpa3v7M56DyJ4HdsuH","https://docs.google.com/document/d/1bn_0akwmFKRI01qpa3v7M56DyJ4HdsuH/edit?usp=drivesdk&ouid=104497255580477485161&rtpof=true&sd=true","application/vnd.openxmlformats-officedocument.wordprocessingml.document","/Semester 3/22CS370-DATA STRUCTURES LAB/Notes and PPTs/Lab experiments DS lab","2025-09-23 21:07:54",128804
"DSA CODES - LAB TERMINAL.docx","1q_CbKe0uOFx-5U-KXtSovLZ0BTWKoGfd","https://docs.google.com/document/d/1q_CbKe0uOFx-5U-KXtSovLZ0BTWKoGfd/edit?usp=drivesdk&ouid=104497255580477485161&rtpof=true&sd=true","application/vnd.openxmlformats-officedocument.wordprocessingml.document","/Semester 3/22CS370-DATA STRUCTURES LAB/Notes and PPTs/Lab experiments DS lab","2025-09-23 21:07:51",28964
"9. DS LAB exp 9 (Sorting Techniques).docx","1urACqEufkk0QEaywI8uXzh5LSBoyPqYF","https://docs.google.com/document/d/1urACqEufkk0QEaywI8uXzh5LSBoyPqYF/edit?usp=drivesdk&ouid=104497255580477485161&rtpof=true&sd=true","application/vnd.openxmlformats-officedocument.wordprocessingml.document","/Semester 3/22CS370-DATA STRUCTURES LAB/Notes and PPTs/Lab experiments DS lab","2025-09-23 21:07:57",890693
"8. DS LAB exp 8 BASIC OPERATIONS OF AVL.docx","197PF3Ze3cGjIHMzGHjVfwPlyiC_r1VL4","https://docs.google.com/document/d/197PF3Ze3cGjIHMzGHjVfwPlyiC_r1VL4/edit?usp=drivesdk&ouid=104497255580477485161&rtpof=true&sd=true","application/vnd.openxmlformats-officedocument.wordprocessingml.document","/Semester 3/22CS370-DATA STRUCTURES LAB/Notes and PPTs/Lab experiments DS lab","2025-09-23 21:07:54",129533
"11. DS lab Hashing Operations.docx","10jWXdf4LInxg8sQLKXO1p5N5nIspaXQ-","https://docs.google.com/document/d/10jWXdf4LInxg8sQLKXO1p5N5nIspaXQ-/edit?usp=drivesdk&ouid=104497255580477485161&rtpof=true&sd=true","application/vnd.openxmlformats-officedocument.wordprocessingml.document","/Semester 3/22CS370-DATA STRUCTURES LAB/Notes and PPTs/Lab experiments DS lab","2025-09-23 21:07:56",1113719
"7. DS LAB exp 7.docx","1rVKUqfPcJRhLZ6TlTCFHi7KtQlqy9QJk","https://docs.google.com/document/d/1rVKUqfPcJRhLZ6TlTCFHi7KtQlqy9QJk/edit?usp=drivesdk&ouid=104497255580477485161&rtpof=true&sd=true","application/vnd.openxmlformats-officedocument.wordprocessingml.document","/Semester 3/22CS370-DATA STRUCTURES LAB/Notes and PPTs/Lab experiments DS lab","2025-09-23 21:07:54",202344
"6. DS Lab exp 5 (app - subtree).docx","1LWus246JBTFdldokJxqOSCnSRHf5N2yW","https://docs.google.com/document/d/1LWus246JBTFdldokJxqOSCnSRHf5N2yW/edit?usp=drivesdk&ouid=104497255580477485161&rtpof=true&sd=true","application/vnd.openxmlformats-officedocument.wordprocessingml.document","/Semester 3/22CS370-DATA STRUCTURES LAB/Notes and PPTs/Lab experiments DS lab","2025-09-23 21:07:59",144612
"7. DS Lab exp 7 BASIC OPERATIONS OF BINARY SEARCH TREE.docx","1fp-i3l41wC529akQJees1Sc9XcGKgOCs","https://docs.google.com/document/d/1fp-i3l41wC529akQJees1Sc9XcGKgOCs/edit?usp=drivesdk&ouid=104497255580477485161&rtpof=true&sd=true","application/vnd.openxmlformats-officedocument.wordprocessingml.document","/Semester 3/22CS370-DATA STRUCTURES LAB/Notes and PPTs/Lab experiments DS lab","2025-09-23 21:07:57",132960
"6. DS Lab exp 5 create a binary tree.docx","1SSTlfnCfwdQJ-O2igJJR7-EDe-bePC3O","https://docs.google.com/document/d/1SSTlfnCfwdQJ-O2igJJR7-EDe-bePC3O/edit?usp=drivesdk&ouid=104497255580477485161&rtpof=true&sd=true","application/vnd.openxmlformats-officedocument.wordprocessingml.document","/Semester 3/22CS370-DATA STRUCTURES LAB/Notes and PPTs/Lab experiments DS lab","2025-09-23 21:07:57",70375
"5. DS Lab exp 5.docx","1ulAIYK1tt8ygtFzZPX9B-lrtTrWuJwEJ","https://docs.google.com/document/d/1ulAIYK1tt8ygtFzZPX9B-lrtTrWuJwEJ/edit?usp=drivesdk&ouid=104497255580477485161&rtpof=true&sd=true","application/vnd.openxmlformats-officedocument.wordprocessingml.document","/Semester 3/22CS370-DATA STRUCTURES LAB/Notes and PPTs/Lab experiments DS lab","2025-09-23 21:08:05",215808
"1. Applications of stack and queue.docx","1_PnJEncT2P385QcEQQoXl8JmA0IHKPOr","https://docs.google.com/document/d/1_PnJEncT2P385QcEQQoXl8JmA0IHKPOr/edit?usp=drivesdk&ouid=104497255580477485161&rtpof=true&sd=true","application/vnd.openxmlformats-officedocument.wordprocessingml.document","/Semester 3/22CS370-DATA STRUCTURES LAB/Notes and PPTs/Lab experiments DS lab","2025-09-23 21:08:00",26210
"4. Application (Quick sort using DLL).docx","1RW8eRxQyZHeVJTvNjJW8vHGtCEE2IGJ1","https://docs.google.com/document/d/1RW8eRxQyZHeVJTvNjJW8vHGtCEE2IGJ1/edit?usp=drivesdk&ouid=104497255580477485161&rtpof=true&sd=true","application/vnd.openxmlformats-officedocument.wordprocessingml.document","/Semester 3/22CS370-DATA STRUCTURES LAB/Notes and PPTs/Lab experiments DS lab","2025-09-23 21:08:00",27867
"4. DS Lab exp 4.docx","1VumRdxetxK85jiUL6ghhsTpaWRothC5K","https://docs.google.com/document/d/1VumRdxetxK85jiUL6ghhsTpaWRothC5K/edit?usp=drivesdk&ouid=104497255580477485161&rtpof=true&sd=true","application/vnd.openxmlformats-officedocument.wordprocessingml.document","/Semester 3/22CS370-DATA STRUCTURES LAB/Notes and PPTs/Lab experiments DS lab","2025-09-23 21:08:07",3874471
"2. Application ( Sort a stack ).docx","1y2sVf8mHkc72qghDfrR5XTmnId3hGVC8","https://docs.google.com/document/d/1y2sVf8mHkc72qghDfrR5XTmnId3hGVC8/edit?usp=drivesdk&ouid=104497255580477485161&rtpof=true&sd=true","application/vnd.openxmlformats-officedocument.wordprocessingml.document","/Semester 3/22CS370-DATA STRUCTURES LAB/Notes and PPTs/Lab experiments DS lab","2025-09-23 21:07:59",32405
"3. DS Lab exp 3.docx","1tt6R9JjT1Mt1S2y4yGwxm36jgMn5Qlwo","https://docs.google.com/document/d/1tt6R9JjT1Mt1S2y4yGwxm36jgMn5Qlwo/edit?usp=drivesdk&ouid=104497255580477485161&rtpof=true&sd=true","application/vnd.openxmlformats-officedocument.wordprocessingml.document","/Semester 3/22CS370-DATA STRUCTURES LAB/Notes and PPTs/Lab experiments DS lab","2025-09-23 21:08:06",5368918
"3. Application ( Rotate a linked list).pdf","176jn76-QsPaTsgMLVl0Gn7x24O02bl75","https://drive.google.com/file/d/176jn76-QsPaTsgMLVl0Gn7x24O02bl75/view?usp=drivesdk","application/pdf","/Semester 3/22CS370-DATA STRUCTURES LAB/Notes and PPTs/Lab experiments DS lab","2025-09-23 21:08:02",445217
"2. DS Lab exp 2.docx","1SFXIJHI8ybkf1FI-6k5cKCxPv_iCbHsx","https://docs.google.com/document/d/1SFXIJHI8ybkf1FI-6k5cKCxPv_iCbHsx/edit?usp=drivesdk&ouid=104497255580477485161&rtpof=true&sd=true","application/vnd.openxmlformats-officedocument.wordprocessingml.document","/Semester 3/22CS370-DATA STRUCTURES LAB/Notes and PPTs/Lab experiments DS lab","2025-09-23 21:08:05",301804
"1. DS Lab exp 1.docx","1MEqXea_GGOImjWA-Z-mx5Z4X4WBHaEMl","https://docs.google.com/document/d/1MEqXea_GGOImjWA-Z-mx5Z4X4WBHaEMl/edit?usp=drivesdk&ouid=104497255580477485161&rtpof=true&sd=true","application/vnd.openxmlformats-officedocument.wordprocessingml.document","/Semester 3/22CS370-DATA STRUCTURES LAB/Notes and PPTs/Lab experiments DS lab","2025-09-23 21:08:03",114280
"JAVA CODES - OOPS LAB.docx","15_CcCdHPp4CmGyoLSqUSfi63CMeKYeH_","https://docs.google.com/document/d/15_CcCdHPp4CmGyoLSqUSfi63CMeKYeH_/edit?usp=drivesdk&ouid=104497255580477485161&rtpof=true&sd=true","application/vnd.openxmlformats-officedocument.wordprocessingml.document","/Semester 3/22CS380-OBJECT ORIENTED PROGRAMMING LAB/Notes and PPTs","2025-09-23 21:01:00",1960785
"Java simple lab Programs.docx","11th3b_DusnzmRrlMIm-cmmZaJuMT2Xp-","https://docs.google.com/document/d/11th3b_DusnzmRrlMIm-cmmZaJuMT2Xp-/edit?usp=drivesdk&ouid=104497255580477485161&rtpof=true&sd=true","application/vnd.openxmlformats-officedocument.wordprocessingml.document","/Semester 3/22CS380-OBJECT ORIENTED PROGRAMMING LAB/Notes and PPTs/OOPS LAB EXP","2025-09-23 21:04:21",25718
"12. Sockets.docx","1N1eTp7g8nQPUDgt_f-o8PuPzSN6fZSpW","https://docs.google.com/document/d/1N1eTp7g8nQPUDgt_f-o8PuPzSN6fZSpW/edit?usp=drivesdk&ouid=104497255580477485161&rtpof=true&sd=true","application/vnd.openxmlformats-officedocument.wordprocessingml.document","/Semester 3/22CS380-OBJECT ORIENTED PROGRAMMING LAB/Notes and PPTs/OOPS LAB EXP","2025-09-23 21:04:12",359571
"11. Threads - Concurrent Programming.docx","1h9Jgp9ofZBwBbYYOfPxwB1njUmcqKSjP","https://docs.google.com/document/d/1h9Jgp9ofZBwBbYYOfPxwB1njUmcqKSjP/edit?usp=drivesdk&ouid=104497255580477485161&rtpof=true&sd=true","application/vnd.openxmlformats-officedocument.wordprocessingml.document","/Semester 3/22CS380-OBJECT ORIENTED PROGRAMMING LAB/Notes and PPTs/OOPS LAB EXP","2025-09-23 21:04:26",281880
"10. Swing program - EVENT driven.docx","1RcS6x_t8KltiyzZ75wOJYu42RLw5rJ-p","https://docs.google.com/document/d/1RcS6x_t8KltiyzZ75wOJYu42RLw5rJ-p/edit?usp=drivesdk&ouid=104497255580477485161&rtpof=true&sd=true","application/vnd.openxmlformats-officedocument.wordprocessingml.document","/Semester 3/22CS380-OBJECT ORIENTED PROGRAMMING LAB/Notes and PPTs/OOPS LAB EXP","2025-09-23 21:04:15",150338
"7. Exception Handling.pdf","1xsl37StYKlEfvmMyJVyxOyouH69J-Cof","https://drive.google.com/file/d/1xsl37StYKlEfvmMyJVyxOyouH69J-Cof/view?usp=drivesdk","application/pdf","/Semester 3/22CS380-OBJECT ORIENTED PROGRAMMING LAB/Notes and PPTs/OOPS LAB EXP","2025-09-23 21:04:18",106564
"9. Collections in java.docx","1TaZUXoZ2lGBqCZnpYrVhVv7gL_bps75B","https://docs.google.com/document/d/1TaZUXoZ2lGBqCZnpYrVhVv7gL_bps75B/edit?usp=drivesdk&ouid=104497255580477485161&rtpof=true&sd=true","application/vnd.openxmlformats-officedocument.wordprocessingml.document","/Semester 3/22CS380-OBJECT ORIENTED PROGRAMMING LAB/Notes and PPTs/OOPS LAB EXP","2025-09-23 21:04:28",33103
"8. File handling and object serialization.docx","1Rf78y2HfE1-wMPJ_g4PAnEqNiq6dw5TD","https://docs.google.com/document/d/1Rf78y2HfE1-wMPJ_g4PAnEqNiq6dw5TD/edit?usp=drivesdk&ouid=104497255580477485161&rtpof=true&sd=true","application/vnd.openxmlformats-officedocument.wordprocessingml.document","/Semester 3/22CS380-OBJECT ORIENTED PROGRAMMING LAB/Notes and PPTs/OOPS LAB EXP","2025-09-23 21:04:35",67428
"6. Abstract classes and abstract methods.docx","1wKJxRAgyAgmUgzAy03404-tjNMB7G-Md","https://docs.google.com/document/d/1wKJxRAgyAgmUgzAy03404-tjNMB7G-Md/edit?usp=drivesdk&ouid=104497255580477485161&rtpof=true&sd=true","application/vnd.openxmlformats-officedocument.wordprocessingml.document","/Semester 3/22CS380-OBJECT ORIENTED PROGRAMMING LAB/Notes and PPTs/OOPS LAB EXP","2025-09-23 21:04:21",49745
"5. Inheritance and method overriding.docx","1dB9HSMaOPG7q1wpnzdQAkzeXBPlVZY1F","https://docs.google.com/document/d/1dB9HSMaOPG7q1wpnzdQAkzeXBPlVZY1F/edit?usp=drivesdk&ouid=104497255580477485161&rtpof=true&sd=true","application/vnd.openxmlformats-officedocument.wordprocessingml.document","/Semester 3/22CS380-OBJECT ORIENTED PROGRAMMING LAB/Notes and PPTs/OOPS LAB EXP","2025-09-23 21:04:25",41387
"4. Aggregation and composition.docx","1GRTVX5cu8VQoGzT-7ohR0wXPc2ABmoSX","https://docs.google.com/document/d/1GRTVX5cu8VQoGzT-7ohR0wXPc2ABmoSX/edit?usp=drivesdk&ouid=104497255580477485161&rtpof=true&sd=true","application/vnd.openxmlformats-officedocument.wordprocessingml.document","/Semester 3/22CS380-OBJECT ORIENTED PROGRAMMING LAB/Notes and PPTs/OOPS LAB EXP","2025-09-23 21:04:31",191959
"Example of Aggregation AND pASSING aRRAY.docx","1CJGIYB1xp7sRrAr5gWe-OW0S9ndLDsDl","https://docs.google.com/document/d/1CJGIYB1xp7sRrAr5gWe-OW0S9ndLDsDl/edit?usp=drivesdk&ouid=104497255580477485161&rtpof=true&sd=true","application/vnd.openxmlformats-officedocument.wordprocessingml.document","/Semester 3/22CS380-OBJECT ORIENTED PROGRAMMING LAB/Notes and PPTs/OOPS LAB EXP","2025-09-23 21:04:29",45004
"3. Constructor Overloading and Method Overloading.docx","1HEw-tomSt01BYjGO_wEZCphNIax_G1j9","https://docs.google.com/document/d/1HEw-tomSt01BYjGO_wEZCphNIax_G1j9/edit?usp=drivesdk&ouid=104497255580477485161&rtpof=true&sd=true","application/vnd.openxmlformats-officedocument.wordprocessingml.document","/Semester 3/22CS380-OBJECT ORIENTED PROGRAMMING LAB/Notes and PPTs/OOPS LAB EXP","2025-09-23 21:04:36",195218
"2. Pass an array and object and return an object.docx","1umSlpvdqx-goFRmcILRB4PvHz-2_9QUv","https://docs.google.com/document/d/1umSlpvdqx-goFRmcILRB4PvHz-2_9QUv/edit?usp=drivesdk&ouid=104497255580477485161&rtpof=true&sd=true","application/vnd.openxmlformats-officedocument.wordprocessingml.document","/Semester 3/22CS380-OBJECT ORIENTED PROGRAMMING LAB/Notes and PPTs/OOPS LAB EXP","2025-09-23 21:04:37",141802
"2. Pass an array and object and return an object.txt","1bEZf-Zxn3Cq-woU-5HKUgi8C_x2ds9RI","https://drive.google.com/file/d/1bEZf-Zxn3Cq-woU-5HKUgi8C_x2ds9RI/view?usp=drivesdk","text/plain","/Semester 3/22CS380-OBJECT ORIENTED PROGRAMMING LAB/Notes and PPTs/OOPS LAB EXP","2025-09-23 21:04:33",1591
"1. Pass an argument and return an object.docx","1UMVLmdTOoZvgox-g0_l527w4SrkiYYQx","https://docs.google.com/document/d/1UMVLmdTOoZvgox-g0_l527w4SrkiYYQx/edit?usp=drivesdk&ouid=104497255580477485161&rtpof=true&sd=true","application/vnd.openxmlformats-officedocument.wordprocessingml.document","/Semester 3/22CS380-OBJECT ORIENTED PROGRAMMING LAB/Notes and PPTs/OOPS LAB EXP","2025-09-23 21:04:39",96553
"OOPS LAB_Courseplan.pdf","1Ix8mmLF0FDetifQA6KBStX_E2wva5el0","https://drive.google.com/file/d/1Ix8mmLF0FDetifQA6KBStX_E2wva5el0/view?usp=drivesdk","application/pdf","/Semester 3/22CS380-OBJECT ORIENTED PROGRAMMING LAB/Course Plan","2025-09-24 10:21:50",288470
" 5. PROTECTION AND SECURITY.pptx.pdf","1FEMjvd6x-kLslJRilsWvr9C2tZQeMwJv","https://drive.google.com/file/d/1FEMjvd6x-kLslJRilsWvr9C2tZQeMwJv/view?usp=drivesdk","application/pdf","/Semester 3/22CS361-OPERATING SYSTEMS/Notes and PPTs/PPTS","2025-09-24 10:13:45",191845
" 4. File System and its Implementation.ppt.pdf","1N5aWEDPRFIwCDKx_X45YF5SbPjA4lzcz","https://drive.google.com/file/d/1N5aWEDPRFIwCDKx_X45YF5SbPjA4lzcz/view?usp=drivesdk","application/pdf","/Semester 3/22CS361-OPERATING SYSTEMS/Notes and PPTs/PPTS","2025-09-24 10:13:45",998707
"3. Paging - protection.pptx.pdf","120IWsI8rvHw-2qXB5QuUnxljRRDMJYMX","https://drive.google.com/file/d/120IWsI8rvHw-2qXB5QuUnxljRRDMJYMX/view?usp=drivesdk","application/pdf","/Semester 3/22CS361-OPERATING SYSTEMS/Notes and PPTs/PPTS","2025-09-24 10:13:45",398771
" 1. Deadlock-1.pptx.pdf","1mXcGaNq-AUh5oyQo_3w8JPcEzWQktsnX","https://drive.google.com/file/d/1mXcGaNq-AUh5oyQo_3w8JPcEzWQktsnX/view?usp=drivesdk","application/pdf","/Semester 3/22CS361-OPERATING SYSTEMS/Notes and PPTs/PPTS","2025-09-24 10:13:45",797728
"OperatingSystemConcepts.pdf","1HfxwlMC3pLO5bMQduF6T_wAH-fnFvt9W","https://drive.google.com/file/d/1HfxwlMC3pLO5bMQduF6T_wAH-fnFvt9W/view?usp=drivesdk","application/pdf","/Semester 3/22CS361-OPERATING SYSTEMS/Notes and PPTs/MATERIALS","2025-09-24 10:12:12",7939233
"2. paging.docx.pdf","1A1NTNdLeHUO8plTVEhc2F3MzEWAdYbgb","https://drive.google.com/file/d/1A1NTNdLeHUO8plTVEhc2F3MzEWAdYbgb/view?usp=drivesdk","application/pdf","/Semester 3/22CS361-OPERATING SYSTEMS/Notes and PPTs/MATERIALS","2025-09-24 10:13:45",23864
" lecture_note.pdf","1xa_rm0iCGKW6Fsjr_6wVo8HwXcL39lVO","https://drive.google.com/file/d/1xa_rm0iCGKW6Fsjr_6wVo8HwXcL39lVO/view?usp=drivesdk","application/pdf","/Semester 3/22CS361-OPERATING SYSTEMS/Notes and PPTs/MATERIALS","2025-09-24 10:13:45",3253668
"6 Advanced OS (1- part2).pdf","1XO7ZpLnvQmBuMPKVG8GPEwhpS0qOc_vC","https://drive.google.com/file/d/1XO7ZpLnvQmBuMPKVG8GPEwhpS0qOc_vC/view?usp=drivesdk","application/pdf","/Semester 3/22CS361-OPERATING SYSTEMS/Notes and PPTs/MATERIALS","2025-09-23 21:08:20",774602
"3 Process Scheduling.pdf","1lGJM9sh5MrOtkgBiUVO2hexBiGGit10l","https://drive.google.com/file/d/1lGJM9sh5MrOtkgBiUVO2hexBiGGit10l/view?usp=drivesdk","application/pdf","/Semester 3/22CS361-OPERATING SYSTEMS/Notes and PPTs/MATERIALS","2025-09-23 21:08:18",1260441
"4 Thread Scheduling.pdf","1xn07o_p8Xuf1Ge3rehd9lpZHRjmNDV8X","https://drive.google.com/file/d/1xn07o_p8Xuf1Ge3rehd9lpZHRjmNDV8X/view?usp=drivesdk","application/pdf","/Semester 3/22CS361-OPERATING SYSTEMS/Notes and PPTs/MATERIALS","2025-09-23 21:08:17",444145
"2 Operating Systems -Types of OS.pdf","1FaTNgjdkuy8-aSmQ8p-48JpOAPbIBkEi","https://drive.google.com/file/d/1FaTNgjdkuy8-aSmQ8p-48JpOAPbIBkEi/view?usp=drivesdk","application/pdf","/Semester 3/22CS361-OPERATING SYSTEMS/Notes and PPTs/MATERIALS","2025-09-23 21:08:17",657616
"1 Operating Systems - Role of OS.pdf","1vohpfaGCSPzAQmIb63uHfPyghkks-OBr","https://drive.google.com/file/d/1vohpfaGCSPzAQmIb63uHfPyghkks-OBr/view?usp=drivesdk","application/pdf","/Semester 3/22CS361-OPERATING SYSTEMS/Notes and PPTs/MATERIALS","2025-09-23 21:08:21",425263
"5 Process Synchronization.pdf","1mp59a5nmfLt-puxa8ZibEp1Spj_IvHFn","https://drive.google.com/file/d/1mp59a5nmfLt-puxa8ZibEp1Spj_IvHFn/view?usp=drivesdk","application/pdf","/Semester 3/22CS361-OPERATING SYSTEMS/Notes and PPTs/MATERIALS","2025-09-23 21:08:18",469353
" OS.pdf","1gulrM1ER6auK_JwZQGdQXvBRPWFQUPTp","https://drive.google.com/file/d/1gulrM1ER6auK_JwZQGdQXvBRPWFQUPTp/view?usp=drivesdk","application/pdf","/Semester 3/22CS361-OPERATING SYSTEMS/Course Plan","2025-09-24 10:12:12",300214
"BOOK - Abraham Silberschatz, Peter B. Galvin, Greg Gagne - Operating System Concepts (2008, Wiley) - libgen.li.pdf","1D2_G2e58a8nhfUbg_einyQJD5Cen4t5b","https://drive.google.com/file/d/1D2_G2e58a8nhfUbg_einyQJD5Cen4t5b/view?usp=drivesdk","application/pdf","/Semester 3/22CS361-OPERATING SYSTEMS/Books","2025-09-23 21:01:50",20676167
"22CS360_OPERATING SYSTEM_CAT2_ODD_2024-2025.pdf","1pIn37AII6g51GoyNoxwDx809tGoNPfxM","https://drive.google.com/file/d/1pIn37AII6g51GoyNoxwDx809tGoNPfxM/view?usp=drivesdk","application/pdf","/Semester 3/22CS361-OPERATING SYSTEMS/Question Papers","2025-11-12 10:07:00",595299
"22CS360_OPERATING SYSTEM_CAT1_ODD_2024-2025 (2).pdf","12YfRF07cEKOJMY-Hn9L0ZqKl1tiOLss2","https://drive.google.com/file/d/12YfRF07cEKOJMY-Hn9L0ZqKl1tiOLss2/view?usp=drivesdk","application/pdf","/Semester 3/22CS361-OPERATING SYSTEMS/Question Papers","2025-11-12 10:06:55",325060
"22CS310_Tables_Full.pdf","1JKmw_grqIgMszRcH7y2xPSh1eSJeb0XJ","https://drive.google.com/file/d/1JKmw_grqIgMszRcH7y2xPSh1eSJeb0XJ/view?usp=drivesdk","application/pdf","/Semester 3/22CS310-PROBABILITY AND STATISTICS/Notes and PPTs/NOTES","2025-09-21 18:15:07",3121820
"BOOK.pdf","1uxRqw1HCfWLqVZotDqYdCksLdKunySox","https://drive.google.com/file/d/1uxRqw1HCfWLqVZotDqYdCksLdKunySox/view?usp=drivesdk","application/pdf","/Semester 3/22CS310-PROBABILITY AND STATISTICS/Notes and PPTs/NOTES","2025-09-21 18:15:18",8585596
"Probability and Statistics.pdf","1orHfW-DHjLMz7l5mnY2X7Ll5txps3AJS","https://drive.google.com/file/d/1orHfW-DHjLMz7l5mnY2X7Ll5txps3AJS/view?usp=drivesdk","application/pdf","/Semester 3/22CS310-PROBABILITY AND STATISTICS/Notes and PPTs/NOTES","2025-09-21 18:15:06",459026
"Ex 10.1 - 6 Ans.pdf","19PDk-Rq5G1NorpXgo0rMI0PaqTqMfXh4","https://drive.google.com/file/d/19PDk-Rq5G1NorpXgo0rMI0PaqTqMfXh4/view?usp=drivesdk","application/pdf","/Semester 3/22CS310-PROBABILITY AND STATISTICS/Notes and PPTs/NOTES","2025-09-23 21:00:52",478899
"DOC-20240903-WA0004. 1.pdf","1eFjbuIB83lcfQe5KZwLdBat9KVAVHQtx","https://drive.google.com/file/d/1eFjbuIB83lcfQe5KZwLdBat9KVAVHQtx/view?usp=drivesdk","application/pdf","/Semester 3/22CS310-PROBABILITY AND STATISTICS/Notes and PPTs/NOTES","2025-09-23 21:00:54",2882112
"DOC-20240903-WA0004..pdf","1pHK3e_8mqZEqVCVrb0JQVFBNSUAkPEqM","https://drive.google.com/file/d/1pHK3e_8mqZEqVCVrb0JQVFBNSUAkPEqM/view?usp=drivesdk","application/pdf","/Semester 3/22CS310-PROBABILITY AND STATISTICS/Notes and PPTs/NOTES","2025-09-23 21:00:56",2882112
"22CS310 course plan signed.pdf","1x_TcgBkB3q_l6gC3GaSqAC_9W4fMyYmn","https://drive.google.com/file/d/1x_TcgBkB3q_l6gC3GaSqAC_9W4fMyYmn/view?usp=drivesdk","application/pdf","/Semester 3/22CS310-PROBABILITY AND STATISTICS/Notes and PPTs/NOTES","2025-09-23 21:00:51",306897
"Z test Table std normal distribution .pdf","15-GaAfyIjreeivGm-y4uGYgmQEEBd6B2","https://drive.google.com/file/d/15-GaAfyIjreeivGm-y4uGYgmQEEBd6B2/view?usp=drivesdk","application/pdf","/Semester 3/22CS310-PROBABILITY AND STATISTICS/Notes and PPTs/NOTES/Statistical Tables","2025-09-23 21:02:17",236428
"22CS310 CO5 Stat Tables .pdf","1OMxtUSPQXNKOgEW3lyEAyJYqab-X87tk","https://drive.google.com/file/d/1OMxtUSPQXNKOgEW3lyEAyJYqab-X87tk/view?usp=drivesdk","application/pdf","/Semester 3/22CS310-PROBABILITY AND STATISTICS/Notes and PPTs/NOTES/Statistical Tables","2025-09-23 21:02:20",1455452
"DISCOVERED new prime number RSK.pdf","12De_rqk2fsWX9CZ_CrmE9GhMpW6YAotG","https://drive.google.com/file/d/12De_rqk2fsWX9CZ_CrmE9GhMpW6YAotG/view?usp=drivesdk","application/pdf","/Semester 3/22CS310-PROBABILITY AND STATISTICS/Notes and PPTs/NOTES/Statistical Tables","2025-09-23 21:02:20",213383
"22CS310 Probability and Statistics.pdf","1AxvoZ17dH8kU1PxLvo1Z_R_i6hn-Lhw7","https://drive.google.com/file/d/1AxvoZ17dH8kU1PxLvo1Z_R_i6hn-Lhw7/view?usp=drivesdk","application/pdf","/Semester 3/22CS310-PROBABILITY AND STATISTICS/Notes and PPTs/NOTES/Statistical Tables","2025-09-23 21:02:19",612092
"JOSHIKA_SRI_N_R_2303917710422068.docx","1Pkx098SSCBxcR3IYSdHA4d_yr61x1pnC","https://docs.google.com/document/d/1Pkx098SSCBxcR3IYSdHA4d_yr61x1pnC/edit?usp=drivesdk&ouid=104497255580477485161&rtpof=true&sd=true","application/vnd.openxmlformats-officedocument.wordprocessingml.document","/Semester 3/22CS310-PROBABILITY AND STATISTICS/Notes and PPTs/NOTES/Assignmetn","2025-09-23 21:03:24",2252777
"MATHS ASSIGNMENT.docx","17Voi-axf8hehNcQxQf1OhwQ0IQQsdZlp","https://docs.google.com/document/d/17Voi-axf8hehNcQxQf1OhwQ0IQQsdZlp/edit?usp=drivesdk&ouid=104497255580477485161&rtpof=true&sd=true","application/vnd.openxmlformats-officedocument.wordprocessingml.document","/Semester 3/22CS310-PROBABILITY AND STATISTICS/Notes and PPTs/NOTES/Assignmetn","2025-09-23 21:03:29",2251318
"22CS310 Assignment II.pdf","1GUWZLIPqiWyhD1rXePLI4LefOPE8VqiZ","https://drive.google.com/file/d/1GUWZLIPqiWyhD1rXePLI4LefOPE8VqiZ/view?usp=drivesdk","application/pdf","/Semester 3/22CS310-PROBABILITY AND STATISTICS/Notes and PPTs/NOTES/Assignmetn","2025-09-23 21:03:24",550483
"math hw no 5 (4.17,22,25,26).pdf","1KdWmzxPoku2WVPfc1M31e7o8R5Xt8DLE","https://drive.google.com/file/d/1KdWmzxPoku2WVPfc1M31e7o8R5Xt8DLE/view?usp=drivesdk","application/pdf","/Semester 3/22CS310-PROBABILITY AND STATISTICS/Notes and PPTs/NOTES/Assignmetn","2025-09-23 21:03:30",3581750
"maths ass python.docx","1EvRXBxDGuSfV7apkpcgYnoTy3UAhgDmM","https://docs.google.com/document/d/1EvRXBxDGuSfV7apkpcgYnoTy3UAhgDmM/edit?usp=drivesdk&ouid=104497255580477485161&rtpof=true&sd=true","application/vnd.openxmlformats-officedocument.wordprocessingml.document","/Semester 3/22CS310-PROBABILITY AND STATISTICS/Notes and PPTs/NOTES/Assignmetn","2025-09-23 21:03:32",465637
"JOSHIKA_SRI_N_R_2303917710422068.pdf","1ws3F-vccE4ycn2bQL2PkJVuul3vbFuBx","https://drive.google.com/file/d/1ws3F-vccE4ycn2bQL2PkJVuul3vbFuBx/view?usp=drivesdk","application/pdf","/Semester 3/22CS310-PROBABILITY AND STATISTICS/Notes and PPTs/NOTES/Assignmetn","2025-09-23 21:03:28",607231
"MOHAMED_ABUBAKKAR_M_2303917710421097 assignment python.pdf","19pvDDcXHTSRHSezmwbPC6gxAo8rq6Hv1","https://drive.google.com/file/d/19pvDDcXHTSRHSezmwbPC6gxAo8rq6Hv1/view?usp=drivesdk","application/pdf","/Semester 3/22CS310-PROBABILITY AND STATISTICS/Notes and PPTs/NOTES/Assignmetn","2025-09-23 21:03:26",320230
"22CS310 Assignment I.pdf","1sqtkH47oZLFNy1KuE_pdtg2SNiATEmJy","https://drive.google.com/file/d/1sqtkH47oZLFNy1KuE_pdtg2SNiATEmJy/view?usp=drivesdk","application/pdf","/Semester 3/22CS310-PROBABILITY AND STATISTICS/Notes and PPTs/NOTES/Assignmetn","2025-09-23 21:03:30",578263
"Maths sem 3 assignment (swathi_s).pdf","1UtFMqf5OjLd58_Vssb9UFoPBNDxB6GW4","https://drive.google.com/file/d/1UtFMqf5OjLd58_Vssb9UFoPBNDxB6GW4/view?usp=drivesdk","application/pdf","/Semester 3/22CS310-PROBABILITY AND STATISTICS/Notes and PPTs/NOTES/Assignmetn","2025-09-23 21:03:35",8281727
"22CS310 Python Assignment I.pdf","1qiU6DkCJrZaNY2LYUlfQVrPFpYzpccjK","https://drive.google.com/file/d/1qiU6DkCJrZaNY2LYUlfQVrPFpYzpccjK/view?usp=drivesdk","application/pdf","/Semester 3/22CS310-PROBABILITY AND STATISTICS/Notes and PPTs/NOTES/Assignmetn","2025-09-23 21:03:24",166041
"Expectation 2.0 discrete.pdf","1B3687gDYGdT_q7amhG_Tm9KPJvDVyF6n","https://drive.google.com/file/d/1B3687gDYGdT_q7amhG_Tm9KPJvDVyF6n/view?usp=drivesdk","application/pdf","/Semester 3/22CS310-PROBABILITY AND STATISTICS/Notes and PPTs/NOTES/Saravana Kumar sir notes","2025-09-23 21:02:48",505805
"3.0 Continuous rv.pdf","1X2L62vN2DQRY8I8GTnEFepCWLiQulp3Y","https://drive.google.com/file/d/1X2L62vN2DQRY8I8GTnEFepCWLiQulp3Y/view?usp=drivesdk","application/pdf","/Semester 3/22CS310-PROBABILITY AND STATISTICS/Notes and PPTs/NOTES/Saravana Kumar sir notes","2025-09-23 21:02:59",2093757
"2.5 Negative binomial distribution.pdf","1hZTVsAuWbSVg9tO3MzYKMMK5u-PbFjKK","https://drive.google.com/file/d/1hZTVsAuWbSVg9tO3MzYKMMK5u-PbFjKK/view?usp=drivesdk","application/pdf","/Semester 3/22CS310-PROBABILITY AND STATISTICS/Notes and PPTs/NOTES/Saravana Kumar sir notes","2025-09-23 21:02:55",855682
"3.2 Exponential & Gamma distribution.pdf","1lEkEkoXwYAgvKrGwPz7b9lNGqJ8mZPQn","https://drive.google.com/file/d/1lEkEkoXwYAgvKrGwPz7b9lNGqJ8mZPQn/view?usp=drivesdk","application/pdf","/Semester 3/22CS310-PROBABILITY AND STATISTICS/Notes and PPTs/NOTES/Saravana Kumar sir notes","2025-09-23 21:02:50",717341
"Moments and generating functions.pdf","1x_F_ei6T2SOyFTrvxmG7XRrqoF3v5BiB","https://drive.google.com/file/d/1x_F_ei6T2SOyFTrvxmG7XRrqoF3v5BiB/view?usp=drivesdk","application/pdf","/Semester 3/22CS310-PROBABILITY AND STATISTICS/Notes and PPTs/NOTES/Saravana Kumar sir notes","2025-09-23 21:02:55",1521082
"3.1 Expo. and Gamma distributions.pdf","1cPV3mrigXbteCCTASF3Cw7w00dJFxjue","https://drive.google.com/file/d/1cPV3mrigXbteCCTASF3Cw7w00dJFxjue/view?usp=drivesdk","application/pdf","/Semester 3/22CS310-PROBABILITY AND STATISTICS/Notes and PPTs/NOTES/Saravana Kumar sir notes","2025-09-23 21:03:02",663567
"Mgf 1.0.pdf","1XfrUcd6L_QPwTzYBCQYhg-OZ9bkrF_bu","https://drive.google.com/file/d/1XfrUcd6L_QPwTzYBCQYhg-OZ9bkrF_bu/view?usp=drivesdk","application/pdf","/Semester 3/22CS310-PROBABILITY AND STATISTICS/Notes and PPTs/NOTES/Saravana Kumar sir notes","2025-09-23 21:02:52",466964
"2.4 Poisson distribution.pdf","1p_qjmkfSA1LyhHLQbgxBZzey37Vb7DH7","https://drive.google.com/file/d/1p_qjmkfSA1LyhHLQbgxBZzey37Vb7DH7/view?usp=drivesdk","application/pdf","/Semester 3/22CS310-PROBABILITY AND STATISTICS/Notes and PPTs/NOTES/Saravana Kumar sir notes","2025-09-23 21:02:50",207483
"2.3 Binomial distribution.pdf","1DTwojmwLfMu0OJ8aN4_lN4_YOPA4_nXT","https://drive.google.com/file/d/1DTwojmwLfMu0OJ8aN4_lN4_YOPA4_nXT/view?usp=drivesdk","application/pdf","/Semester 3/22CS310-PROBABILITY AND STATISTICS/Notes and PPTs/NOTES/Saravana Kumar sir notes","2025-09-23 21:02:56",1538278
"2.2 Expectation and variance - Discrete.pdf","1fPWY-bC9O38dpP6sNI2AU0qJdGDqBLL5","https://drive.google.com/file/d/1fPWY-bC9O38dpP6sNI2AU0qJdGDqBLL5/view?usp=drivesdk","application/pdf","/Semester 3/22CS310-PROBABILITY AND STATISTICS/Notes and PPTs/NOTES/Saravana Kumar sir notes","2025-09-23 21:02:59",1214288
"2.1 Expectation and variance 1.0.pdf","1VfX7va3DPNpmdQ90JRn78c3ea_SqavXh","https://drive.google.com/file/d/1VfX7va3DPNpmdQ90JRn78c3ea_SqavXh/view?usp=drivesdk","application/pdf","/Semester 3/22CS310-PROBABILITY AND STATISTICS/Notes and PPTs/NOTES/Saravana Kumar sir notes","2025-09-23 21:02:59",504445
"2 Probability distribution discrete rv.pdf","1HiRfp6J-AdOBH9nLyTmyE8hwB4Wtki67","https://drive.google.com/file/d/1HiRfp6J-AdOBH9nLyTmyE8hwB4Wtki67/view?usp=drivesdk","application/pdf","/Semester 3/22CS310-PROBABILITY AND STATISTICS/Notes and PPTs/NOTES/Saravana Kumar sir notes","2025-09-23 21:03:04",2039054
"1.4 Bayes theorem.pdf","1ezA9pMH6GfOozt_pvbwLMndoWhhU6TLS","https://drive.google.com/file/d/1ezA9pMH6GfOozt_pvbwLMndoWhhU6TLS/view?usp=drivesdk","application/pdf","/Semester 3/22CS310-PROBABILITY AND STATISTICS/Notes and PPTs/NOTES/Saravana Kumar sir notes","2025-09-23 21:02:59",682160
"1.3 Axioms.pdf","189L58zAofbShlwS3OfkcCHQ5Lnkg1NKu","https://drive.google.com/file/d/189L58zAofbShlwS3OfkcCHQ5Lnkg1NKu/view?usp=drivesdk","application/pdf","/Semester 3/22CS310-PROBABILITY AND STATISTICS/Notes and PPTs/NOTES/Saravana Kumar sir notes","2025-09-23 21:03:07",1115570
"1.3.2 Combinatorics.pdf","1NiOS0Oz4RKHoJdsQPhHgmnv3jeX2YnqM","https://drive.google.com/file/d/1NiOS0Oz4RKHoJdsQPhHgmnv3jeX2YnqM/view?usp=drivesdk","application/pdf","/Semester 3/22CS310-PROBABILITY AND STATISTICS/Notes and PPTs/NOTES/Saravana Kumar sir notes","2025-09-23 21:03:02",1119503
"1.3.1 Reliability.pdf","1QgAxB9QMKQ4v34YjpXrq_xGBt_VHyNV6","https://drive.google.com/file/d/1QgAxB9QMKQ4v34YjpXrq_xGBt_VHyNV6/view?usp=drivesdk","application/pdf","/Semester 3/22CS310-PROBABILITY AND STATISTICS/Notes and PPTs/NOTES/Saravana Kumar sir notes","2025-09-23 21:03:08",594291
"1.1 Sample space, Events.pdf","1WWBiKlkLHLiClNFdP6FgzPzenjK3HViG","https://drive.google.com/file/d/1WWBiKlkLHLiClNFdP6FgzPzenjK3HViG/view?usp=drivesdk","application/pdf","/Semester 3/22CS310-PROBABILITY AND STATISTICS/Notes and PPTs/NOTES/Saravana Kumar sir notes","2025-09-23 21:03:04",687072
"1.2 Set operations.pdf","1vBkYMefOv4zPYv_ZSDrgYrvqgwJWCEUc","https://drive.google.com/file/d/1vBkYMefOv4zPYv_ZSDrgYrvqgwJWCEUc/view?usp=drivesdk","application/pdf","/Semester 3/22CS310-PROBABILITY AND STATISTICS/Notes and PPTs/NOTES/Saravana Kumar sir notes","2025-09-23 21:03:05",589940
"ANOVA  - one way classification 1.pdf","1W-2-O0hbyMXyF09gKPxhQ0nD-vP-f4BA","https://drive.google.com/file/d/1W-2-O0hbyMXyF09gKPxhQ0nD-vP-f4BA/view?usp=drivesdk","application/pdf","/Semester 3/22CS310-PROBABILITY AND STATISTICS/Notes and PPTs/NOTES/Saravana Kumar sir notes/CAT 2","2025-09-23 21:09:15",1916816
"Testing of Hypothesis - Procedure.pdf","1yzNPTQRcbdLYWCGdw-vTCQXQEuI7c2ql","https://drive.google.com/file/d/1yzNPTQRcbdLYWCGdw-vTCQXQEuI7c2ql/view?usp=drivesdk","application/pdf","/Semester 3/22CS310-PROBABILITY AND STATISTICS/Notes and PPTs/NOTES/Saravana Kumar sir notes/CAT 2","2025-09-23 21:09:09",492223
"Standard Normal distribution.pdf","1ocJhUyvvs8XUXPm-pfelBnqPnWdziXJm","https://drive.google.com/file/d/1ocJhUyvvs8XUXPm-pfelBnqPnWdziXJm/view?usp=drivesdk","application/pdf","/Semester 3/22CS310-PROBABILITY AND STATISTICS/Notes and PPTs/NOTES/Saravana Kumar sir notes/CAT 2","2025-09-23 21:09:09",1072934
"Z test  and t test  - Two samples.pdf","1kXq02n220_94pdX-szOxttZAURIvm8nF","https://drive.google.com/file/d/1kXq02n220_94pdX-szOxttZAURIvm8nF/view?usp=drivesdk","application/pdf","/Semester 3/22CS310-PROBABILITY AND STATISTICS/Notes and PPTs/NOTES/Saravana Kumar sir notes/CAT 2","2025-09-23 21:09:07",850785
"Shortcut method - ANOVA.pdf","1EMQ4DR_Ti6TxqA9w6JpUOJ3T3XuJRN4g","https://drive.google.com/file/d/1EMQ4DR_Ti6TxqA9w6JpUOJ3T3XuJRN4g/view?usp=drivesdk","application/pdf","/Semester 3/22CS310-PROBABILITY AND STATISTICS/Notes and PPTs/NOTES/Saravana Kumar sir notes/CAT 2","2025-09-23 21:09:06",1298001
"ANOVA  - one way classification.pdf","1TD4011D5fuanN-pLk62O24b1n4aIvfvg","https://drive.google.com/file/d/1TD4011D5fuanN-pLk62O24b1n4aIvfvg/view?usp=drivesdk","application/pdf","/Semester 3/22CS310-PROBABILITY AND STATISTICS/Notes and PPTs/NOTES/Saravana Kumar sir notes/CAT 2","2025-09-23 21:09:15",1916816
"Z-transforms.pdf","1GqV5HUPpre1QzaNSOZMqmEgsmNsgbXFM","https://drive.google.com/file/d/1GqV5HUPpre1QzaNSOZMqmEgsmNsgbXFM/view?usp=drivesdk","application/pdf","/Semester 3/22CS310-PROBABILITY AND STATISTICS/Notes and PPTs/NOTES/Saravana Kumar sir notes/CAT 2","2025-09-23 21:09:24",2670328
"Small samples.pdf","1Feg8IdT9RCRD2hVsK6pZJD6FW7FDr6MF","https://drive.google.com/file/d/1Feg8IdT9RCRD2hVsK6pZJD6FW7FDr6MF/view?usp=drivesdk","application/pdf","/Semester 3/22CS310-PROBABILITY AND STATISTICS/Notes and PPTs/NOTES/Saravana Kumar sir notes/CAT 2","2025-09-23 21:09:16",1419723
"Testing and z test.pdf","10L2DrDcCu9uSNtUJs5oukRDRW9RfE-G5","https://drive.google.com/file/d/10L2DrDcCu9uSNtUJs5oukRDRW9RfE-G5/view?usp=drivesdk","application/pdf","/Semester 3/22CS310-PROBABILITY AND STATISTICS/Notes and PPTs/NOTES/Saravana Kumar sir notes/CAT 2","2025-09-23 21:09:17",2209058
"Z test.pdf","1I6b3ZF7UWYECiDhplvE-wZTnGTeBP6qN","https://drive.google.com/file/d/1I6b3ZF7UWYECiDhplvE-wZTnGTeBP6qN/view?usp=drivesdk","application/pdf","/Semester 3/22CS310-PROBABILITY AND STATISTICS/Notes and PPTs/NOTES/Saravana Kumar sir notes/CAT 2","2025-09-23 21:09:21",1375032
"Probability.pdf","1jHz8LStx6cJIfbIWbajOBksp25soi-xg","https://drive.google.com/file/d/1jHz8LStx6cJIfbIWbajOBksp25soi-xg/view?usp=drivesdk","application/pdf","/Semester 3/22CS310-PROBABILITY AND STATISTICS/Notes and PPTs/NOTES/Notes - friends","2025-09-23 21:02:47",10384909
"Testing Hypothetsis.pdf","16rxlF6tWO7oQQ0RiJmckJpR_P9kqb7dY","https://drive.google.com/file/d/16rxlF6tWO7oQQ0RiJmckJpR_P9kqb7dY/view?usp=drivesdk","application/pdf","/Semester 3/22CS310-PROBABILITY AND STATISTICS/Notes and PPTs/NOTES/Notes - friends","2025-09-23 21:02:46",9857865
"Homework.pdf","1ji5exUiYqtaudAu1Gk8rpLbf6NNrQHmd","https://drive.google.com/file/d/1ji5exUiYqtaudAu1Gk8rpLbf6NNrQHmd/view?usp=drivesdk","application/pdf","/Semester 3/22CS310-PROBABILITY AND STATISTICS/Notes and PPTs/NOTES/Notes - friends","2025-09-23 21:02:45",8493492
"unit 3 hema.pdf","1ZOCDHKGyY9vEI0loWc495LTEEft7FgNG","https://drive.google.com/file/d/1ZOCDHKGyY9vEI0loWc495LTEEft7FgNG/view?usp=drivesdk","application/pdf","/Semester 3/22CS310-PROBABILITY AND STATISTICS/Notes and PPTs/NOTES/Notes - friends","2025-09-23 21:02:43",3664956
"Abu maths chap 3.pdf","1JoDvnXpb914jJodfHtEeqd46x5QJmQjM","https://drive.google.com/file/d/1JoDvnXpb914jJodfHtEeqd46x5QJmQjM/view?usp=drivesdk","application/pdf","/Semester 3/22CS310-PROBABILITY AND STATISTICS/Notes and PPTs/NOTES/Notes - friends","2025-09-23 21:02:34",727041
"maths notes swathi.pdf","1yO-Bs58d-ZPpsKVQ-T6Y_bAqGqs2nelZ","https://drive.google.com/file/d/1yO-Bs58d-ZPpsKVQ-T6Y_bAqGqs2nelZ/view?usp=drivesdk","application/pdf","/Semester 3/22CS310-PROBABILITY AND STATISTICS/Notes and PPTs/NOTES/Notes - friends","2025-09-23 21:02:55",17050576
"1732711001210.jpg","1dJvUcYIUSY8rItb5Svo4IRx78aHStZz9","https://drive.google.com/file/d/1dJvUcYIUSY8rItb5Svo4IRx78aHStZz9/view?usp=drivesdk","image/jpeg","/Semester 3/22CS310-PROBABILITY AND STATISTICS/Notes and PPTs/NOTES/Notes - friends/Z transform umapriya","2025-09-23 21:08:55",72574
"1732711001181.jpg","1CyUGquMDxv_MQpJd1PPxjrqS26VFlGjz","https://drive.google.com/file/d/1CyUGquMDxv_MQpJd1PPxjrqS26VFlGjz/view?usp=drivesdk","image/jpeg","/Semester 3/22CS310-PROBABILITY AND STATISTICS/Notes and PPTs/NOTES/Notes - friends/Z transform umapriya","2025-09-23 21:08:59",83602
"1732711001194.jpg","1FxSfqZtOjQaOSLalduarMokvX3WzN8oD","https://drive.google.com/file/d/1FxSfqZtOjQaOSLalduarMokvX3WzN8oD/view?usp=drivesdk","image/jpeg","/Semester 3/22CS310-PROBABILITY AND STATISTICS/Notes and PPTs/NOTES/Notes - friends/Z transform umapriya","2025-09-23 21:09:02",96409
"1732711001163.jpg","1WRWcp7YT0MmSXZMD-CLvEzg_O-WWKLgv","https://drive.google.com/file/d/1WRWcp7YT0MmSXZMD-CLvEzg_O-WWKLgv/view?usp=drivesdk","image/jpeg","/Semester 3/22CS310-PROBABILITY AND STATISTICS/Notes and PPTs/NOTES/Notes - friends/Z transform umapriya","2025-09-23 21:09:02",53263
"1732711001158.jpg","1gekXMOzWqUX0Ctgb8n8O-lDUY2pkdw_n","https://drive.google.com/file/d/1gekXMOzWqUX0Ctgb8n8O-lDUY2pkdw_n/view?usp=drivesdk","image/jpeg","/Semester 3/22CS310-PROBABILITY AND STATISTICS/Notes and PPTs/NOTES/Notes - friends/Z transform umapriya","2025-09-23 21:08:58",39439
"1732711001169.jpg","1xjJVv4DR1Rv1cNgLCR4iAKAHu8BRWEBl","https://drive.google.com/file/d/1xjJVv4DR1Rv1cNgLCR4iAKAHu8BRWEBl/view?usp=drivesdk","image/jpeg","/Semester 3/22CS310-PROBABILITY AND STATISTICS/Notes and PPTs/NOTES/Notes - friends/Z transform umapriya","2025-09-23 21:08:59",47506
"1728828774134.jpg","1OeXrIFWiLN8P33w4aYHtdul_YiLEUoFq","https://drive.google.com/file/d/1OeXrIFWiLN8P33w4aYHtdul_YiLEUoFq/view?usp=drivesdk","image/jpeg","/Semester 3/22CS310-PROBABILITY AND STATISTICS/Notes and PPTs/NOTES/Notes - friends/moments - Abu","2025-09-23 21:08:51",61810
"1728828774126.jpg","1gj7ic0xqSysDuViL-1IREjoWBZQPMD1f","https://drive.google.com/file/d/1gj7ic0xqSysDuViL-1IREjoWBZQPMD1f/view?usp=drivesdk","image/jpeg","/Semester 3/22CS310-PROBABILITY AND STATISTICS/Notes and PPTs/NOTES/Notes - friends/moments - Abu","2025-09-23 21:08:54",62534
"1728828774119.jpg","1h-IMB1l67154yBFHxDthbkDk0eCr1PPB","https://drive.google.com/file/d/1h-IMB1l67154yBFHxDthbkDk0eCr1PPB/view?usp=drivesdk","image/jpeg","/Semester 3/22CS310-PROBABILITY AND STATISTICS/Notes and PPTs/NOTES/Notes - friends/moments - Abu","2025-09-23 21:08:54",64768
"MATHS SOLUTIONS CSE.docx","1gNOZPPoqQT-PTLDDTwTqtVjpN3snmwDr","https://docs.google.com/document/d/1gNOZPPoqQT-PTLDDTwTqtVjpN3snmwDr/edit?usp=drivesdk&ouid=104497255580477485161&rtpof=true&sd=true","application/vnd.openxmlformats-officedocument.wordprocessingml.document","/Semester 3/22CS310-PROBABILITY AND STATISTICS/Notes and PPTs/NOTES/Solutions for books","2025-09-23 21:03:15",6464254
"Glyn James Solutions Manual to Advanced Modern Engineering Mathematics, 4th Edition.pdf","1vx091UZXJfKHSCHRMQedjc6bZcQL7nF5","https://drive.google.com/file/d/1vx091UZXJfKHSCHRMQedjc6bZcQL7nF5/view?usp=drivesdk","application/pdf","/Semester 3/22CS310-PROBABILITY AND STATISTICS/Notes and PPTs/NOTES/Solutions for books","2025-09-23 21:03:14",4387225
"Devore Solutions Ed9.pdf","1X6Y_SsDYoJvLVGh7m2pLamaaXYwVj5T2","https://drive.google.com/file/d/1X6Y_SsDYoJvLVGh7m2pLamaaXYwVj5T2/view?usp=drivesdk","application/pdf","/Semester 3/22CS310-PROBABILITY AND STATISTICS/Notes and PPTs/NOTES/Solutions for books","2025-09-23 21:03:17",4477417
"3rd chapter solutions.pdf","19rbz_1ACgnTJ1LreGd8BcIhBiY4czl1W","https://drive.google.com/file/d/19rbz_1ACgnTJ1LreGd8BcIhBiY4czl1W/view?usp=drivesdk","application/pdf","/Semester 3/22CS310-PROBABILITY AND STATISTICS/Notes and PPTs/NOTES/Solutions for books","2025-09-23 21:03:12",1838570
"4th chapter solutions (1-15).pdf","1mqDWg1wNe0E_i3hlULsCA3Xs20PtKPHC","https://drive.google.com/file/d/1mqDWg1wNe0E_i3hlULsCA3Xs20PtKPHC/view?usp=drivesdk","application/pdf","/Semester 3/22CS310-PROBABILITY AND STATISTICS/Notes and PPTs/NOTES/Solutions for books","2025-09-23 21:03:10",773056
"2nd chap solutions.pdf","12hGDFGJMUnRWp0GFdmPYR4qKiYtZY-Gk","https://drive.google.com/file/d/12hGDFGJMUnRWp0GFdmPYR4qKiYtZY-Gk/view?usp=drivesdk","application/pdf","/Semester 3/22CS310-PROBABILITY AND STATISTICS/Notes and PPTs/NOTES/Solutions for books","2025-09-23 21:03:12",454345
"CAT -1 Maths(previous question).pdf","1BYN29Xyyq0vfAdmS41VHK_Mm7Ek3i-vZ","https://drive.google.com/file/d/1BYN29Xyyq0vfAdmS41VHK_Mm7Ek3i-vZ/view?usp=drivesdk","application/pdf","/Semester 3/22CS310-PROBABILITY AND STATISTICS/Notes and PPTs/NOTES/Maths questions","2025-09-23 21:03:23",2847051
"1727320211955.jpg","13MDg8srA2xjMfqJOz-TVRtj-pSB1wyoC","https://drive.google.com/file/d/13MDg8srA2xjMfqJOz-TVRtj-pSB1wyoC/view?usp=drivesdk","image/jpeg","/Semester 3/22CS310-PROBABILITY AND STATISTICS/Notes and PPTs/NOTES/Maths questions","2025-09-23 21:03:17",74721
"1727320211960.jpg","13sgvMF-QJQuqxf01evuRQ0d8PofX3NS_","https://drive.google.com/file/d/13sgvMF-QJQuqxf01evuRQ0d8PofX3NS_/view?usp=drivesdk","image/jpeg","/Semester 3/22CS310-PROBABILITY AND STATISTICS/Notes and PPTs/NOTES/Maths questions","2025-09-23 21:03:16",74325
"1727320211966.jpg","1UUjXHysyzGro6D4RHzolvw7h_gm2qiis","https://drive.google.com/file/d/1UUjXHysyzGro6D4RHzolvw7h_gm2qiis/view?usp=drivesdk","image/jpeg","/Semester 3/22CS310-PROBABILITY AND STATISTICS/Notes and PPTs/NOTES/Maths questions","2025-09-23 21:03:19",105149
"Screenshot 2024-08-27 194959.png","1NGAeHSAYxO_nN1RyU5Gdae7FEHYbSywC","https://drive.google.com/file/d/1NGAeHSAYxO_nN1RyU5Gdae7FEHYbSywC/view?usp=drivesdk","image/png","/Semester 3/22CS310-PROBABILITY AND STATISTICS/Notes and PPTs/NOTES/Solutions for chapter 2,3,4,8,9,10","2025-09-23 21:03:33",75186
"Screenshot 2024-08-27 194952.png","1vjzJ-EbSeAaI1eE6eRBF2M-80joVgXT3","https://drive.google.com/file/d/1vjzJ-EbSeAaI1eE6eRBF2M-80joVgXT3/view?usp=drivesdk","image/png","/Semester 3/22CS310-PROBABILITY AND STATISTICS/Notes and PPTs/NOTES/Solutions for chapter 2,3,4,8,9,10","2025-09-23 21:03:39",79600
"Screenshot 2024-08-27 194944.png","1zthiclKHL7TBRPTHgH7UxAfWARODohJV","https://drive.google.com/file/d/1zthiclKHL7TBRPTHgH7UxAfWARODohJV/view?usp=drivesdk","image/png","/Semester 3/22CS310-PROBABILITY AND STATISTICS/Notes and PPTs/NOTES/Solutions for chapter 2,3,4,8,9,10","2025-09-23 21:03:34",66988
"Screenshot 2024-08-27 194011.png","1Lq4s3poBNWf-0IECtrHLH5soLnzMumqP","https://drive.google.com/file/d/1Lq4s3poBNWf-0IECtrHLH5soLnzMumqP/view?usp=drivesdk","image/png","/Semester 3/22CS310-PROBABILITY AND STATISTICS/Notes and PPTs/NOTES/Solutions for chapter 2,3,4,8,9,10","2025-09-23 21:03:36",120093
"Screenshot 2024-08-27 194004.png","1wBdKhoGzsusY99TME7vYH3Qut5cMeH4k","https://drive.google.com/file/d/1wBdKhoGzsusY99TME7vYH3Qut5cMeH4k/view?usp=drivesdk","image/png","/Semester 3/22CS310-PROBABILITY AND STATISTICS/Notes and PPTs/NOTES/Solutions for chapter 2,3,4,8,9,10","2025-09-23 21:03:35",129992
"Screenshot 2024-08-27 193956.png","1retQWvty2p-JrilMiThjSi8F9vPoMPyZ","https://drive.google.com/file/d/1retQWvty2p-JrilMiThjSi8F9vPoMPyZ/view?usp=drivesdk","image/png","/Semester 3/22CS310-PROBABILITY AND STATISTICS/Notes and PPTs/NOTES/Solutions for chapter 2,3,4,8,9,10","2025-09-23 21:03:40",121915
"Screenshot 2024-08-27 193945.png","1wuHSUbnwjSxpVQxSxq_1EN-Vuf0iyCBc","https://drive.google.com/file/d/1wuHSUbnwjSxpVQxSxq_1EN-Vuf0iyCBc/view?usp=drivesdk","image/png","/Semester 3/22CS310-PROBABILITY AND STATISTICS/Notes and PPTs/NOTES/Solutions for chapter 2,3,4,8,9,10","2025-09-23 21:03:39",113821
"Screenshot 2024-08-27 190638.png","19JShY6tOMyQrC59uI3HbfQsbDPsNuUX8","https://drive.google.com/file/d/19JShY6tOMyQrC59uI3HbfQsbDPsNuUX8/view?usp=drivesdk","image/png","/Semester 3/22CS310-PROBABILITY AND STATISTICS/Notes and PPTs/NOTES/Solutions for chapter 2,3,4,8,9,10","2025-09-23 21:03:40",140678
"probability-and-statistics-for-engineering-and-the-sciences_compress.pdf","1pmOxNv2MdyxkowWq8PeBslmssoYzONd-","https://drive.google.com/file/d/1pmOxNv2MdyxkowWq8PeBslmssoYzONd-/view?usp=drivesdk","application/pdf","/Semester 3/22CS310-PROBABILITY AND STATISTICS/Books","2025-09-23 21:02:30",6712274
"PROBABILITY_AND_STATISTICS_FOR_COMPUTER.pdf","1Ou6bSiJX2lsgDu0PhLdIJDq3S1gmTFGR","https://drive.google.com/file/d/1Ou6bSiJX2lsgDu0PhLdIJDq3S1gmTFGR/view?usp=drivesdk","application/pdf","/Semester 3/22CS310-PROBABILITY AND STATISTICS/Books","2025-09-23 21:02:34",15324199
"Jay L. Devore - Probability and Statistics for Engineering and the Sciences-Cengage Learning (2015).pdf","1JVJHmPugYmx8ZmSz022QE22dIzTzEeo0","https://drive.google.com/file/d/1JVJHmPugYmx8ZmSz022QE22dIzTzEeo0/view?usp=drivesdk","application/pdf","/Semester 3/22CS310-PROBABILITY AND STATISTICS/Books","2025-09-23 21:02:37",15865521
"22CS310 Probability and Statistics.pdf","19CtIihRrLcwF_ikTRTfRks-M6domon4P","https://drive.google.com/file/d/19CtIihRrLcwF_ikTRTfRks-M6domon4P/view?usp=drivesdk","application/pdf","/Semester 3/22CS310-PROBABILITY AND STATISTICS/Books","2025-09-23 21:02:21",656028
"22CS310_ProbStat_FULL_RSK.pdf","1X3-naamF2zwFOwFXisYbF_V_oitQFWgK","https://drive.google.com/file/d/1X3-naamF2zwFOwFXisYbF_V_oitQFWgK/view?usp=drivesdk","application/pdf","/Semester 3/22CS310-PROBABILITY AND STATISTICS/Books","2025-09-23 21:02:31",8599688
"Applications of Probability & Statistics in Computer Science.pdf","18DzR2BfilDIu4nsWVfDW3OJbaBlsn2xY","https://drive.google.com/file/d/18DzR2BfilDIu4nsWVfDW3OJbaBlsn2xY/view?usp=drivesdk","application/pdf","/Semester 3/22CS310-PROBABILITY AND STATISTICS/Books","2025-09-23 21:02:23",549242
"COURSE_PLAN.pdf","1EfWG8vLxaBuf4D66pDz9zpuYXXRDZ_7d","https://drive.google.com/file/d/1EfWG8vLxaBuf4D66pDz9zpuYXXRDZ_7d/view?usp=drivesdk","application/pdf","/Semester 3/22CS310-PROBABILITY AND STATISTICS/Course Plan","2025-09-24 10:20:49",459026
"MATH CAT 2.pdf","1qqpWcQsJOa8wRrvVfI6bKfOqGcVZEgBQ","https://drive.google.com/file/d/1qqpWcQsJOa8wRrvVfI6bKfOqGcVZEgBQ/view?usp=drivesdk","application/pdf","/Semester 3/22CS310-PROBABILITY AND STATISTICS/Question Papers","2025-09-23 21:01:00",8441390
"0. Book - Programming Language - constructs and concepts by Ravi Sethi.pdf","1edSkSG67WP0dlT9_gEN1dWixJQqzEUmT","https://drive.google.com/file/d/1edSkSG67WP0dlT9_gEN1dWixJQqzEUmT/view?usp=drivesdk","application/pdf","/Semester 3/22CS320-THEORY AND DESIGN OF PROGRAMMING LANGUAGES/Books","2025-09-23 21:00:43",51960699
"Michael L. Scott - Programming language pragmatics-Morgan Kaufmann (2005).pdf","14lgTPhO3Jlwx6S3w0cRQD9sQFpDDjr4J","https://drive.google.com/file/d/14lgTPhO3Jlwx6S3w0cRQD9sQFpDDjr4J/view?usp=drivesdk","application/pdf","/Semester 3/22CS320-THEORY AND DESIGN OF PROGRAMMING LANGUAGES/Books","2025-09-23 21:00:23",8100946
"COURSE_PLAN.pdf","1UcNDcdchxrapiZRsvQh7ogy_xia_Q8km","https://drive.google.com/file/d/1UcNDcdchxrapiZRsvQh7ogy_xia_Q8km/view?usp=drivesdk","application/pdf","/Semester 3/22CS320-THEORY AND DESIGN OF PROGRAMMING LANGUAGES/Course Plan","2025-09-24 10:16:10",295093
"BYJoshika - Assignment 2 tdpl concurrency.docx","1Zs8oeQq1hO_6hspzGvA-1GB4NwnX-TmB","https://docs.google.com/document/d/1Zs8oeQq1hO_6hspzGvA-1GB4NwnX-TmB/edit?usp=drivesdk&ouid=104497255580477485161&rtpof=true&sd=true","application/vnd.openxmlformats-officedocument.wordprocessingml.document","/Semester 3/22CS320-THEORY AND DESIGN OF PROGRAMMING LANGUAGES/Notes and PPTs/NOTES","2025-09-23 21:00:14",103370
"Operator-Precedence-and-Associativity-in-C.jpg","1JhAuC8ayY6iV5Bja4ovOl9TKV_AfK9rp","https://drive.google.com/file/d/1JhAuC8ayY6iV5Bja4ovOl9TKV_AfK9rp/view?usp=drivesdk","image/jpeg","/Semester 3/22CS320-THEORY AND DESIGN OF PROGRAMMING LANGUAGES/Notes and PPTs/NOTES","2025-09-23 21:00:11",131651
"Programming Language Processing activities.pdf","1hm7-gRBZq4MplQHTJO8y3VCuva5c8ixw","https://drive.google.com/file/d/1hm7-gRBZq4MplQHTJO8y3VCuva5c8ixw/view?usp=drivesdk","application/pdf","/Semester 3/22CS320-THEORY AND DESIGN OF PROGRAMMING LANGUAGES/Notes and PPTs/NOTES","2025-09-23 21:00:17",432739
"TDPL mindmap assignment.jpg","1BVU_ci3xhOGcSCkUXj6p0YlvGVfoFXrc","https://drive.google.com/file/d/1BVU_ci3xhOGcSCkUXj6p0YlvGVfoFXrc/view?usp=drivesdk","image/jpeg","/Semester 3/22CS320-THEORY AND DESIGN OF PROGRAMMING LANGUAGES/Notes and PPTs/NOTES","2025-09-23 21:00:15",4970587
"Module 1-4 notes.pdf","1-txkpbzLAQMczbl6GjFC2mnGYw68z42d","https://drive.google.com/file/d/1-txkpbzLAQMczbl6GjFC2mnGYw68z42d/view?usp=drivesdk","application/pdf","/Semester 3/22CS320-THEORY AND DESIGN OF PROGRAMMING LANGUAGES/Notes and PPTs/NOTES/Bhavani man notes","2025-09-23 21:01:42",682021
"Data Semantics.pptx.pdf","1rVwloW59jc_4F2ecwBMp2C3AIuDsz4F4","https://drive.google.com/file/d/1rVwloW59jc_4F2ecwBMp2C3AIuDsz4F4/view?usp=drivesdk","application/pdf","/Semester 3/22CS320-THEORY AND DESIGN OF PROGRAMMING LANGUAGES/Notes and PPTs/NOTES/Bhavani man notes","2025-09-23 21:01:46",93638
"Language Translator and Language Processing activities.pptx.pdf","1HmN9f_-6F6EcxG_xTq4lwjVhVZmyCXMV","https://drive.google.com/file/d/1HmN9f_-6F6EcxG_xTq4lwjVhVZmyCXMV/view?usp=drivesdk","application/pdf","/Semester 3/22CS320-THEORY AND DESIGN OF PROGRAMMING LANGUAGES/Notes and PPTs/NOTES/Bhavani man notes","2025-09-23 21:01:49",176155
"turing machine.pptx.pdf","1mFHBIOeBjs3wGwSFiJlF_rZ2JRZd2UTw","https://drive.google.com/file/d/1mFHBIOeBjs3wGwSFiJlF_rZ2JRZd2UTw/view?usp=drivesdk","application/pdf","/Semester 3/22CS320-THEORY AND DESIGN OF PROGRAMMING LANGUAGES/Notes and PPTs/NOTES/Bhavani man notes","2025-09-23 21:01:48",115661
"Lecture_1.pptx.pdf","1oi0fsZ1eyReNXHEh8MP1w_BnsIPdbjiU","https://drive.google.com/file/d/1oi0fsZ1eyReNXHEh8MP1w_BnsIPdbjiU/view?usp=drivesdk","application/pdf","/Semester 3/22CS320-THEORY AND DESIGN OF PROGRAMMING LANGUAGES/Notes and PPTs/NOTES/Bhavani man notes","2025-09-23 21:01:48",191426
"Introduction to Functional Programming - Scheme 1.pdf","1BCvKu-J1GgCZzUb7jKGbW8-xuusVy4ot","https://drive.google.com/file/d/1BCvKu-J1GgCZzUb7jKGbW8-xuusVy4ot/view?usp=drivesdk","application/pdf","/Semester 3/22CS320-THEORY AND DESIGN OF PROGRAMMING LANGUAGES/Notes and PPTs/NOTES/Bhavani man notes/Cat 2","2025-09-23 21:08:33",408488
"Introduction to Functional Programming - Scheme.pdf","1G74QctIJla-bUsNBFIMhsx9dhxmtRN3F","https://drive.google.com/file/d/1G74QctIJla-bUsNBFIMhsx9dhxmtRN3F/view?usp=drivesdk","application/pdf","/Semester 3/22CS320-THEORY AND DESIGN OF PROGRAMMING LANGUAGES/Notes and PPTs/NOTES/Bhavani man notes/Cat 2","2025-09-23 21:08:32",408488
"Functional Programming.ppt.pdf","1rE3XO2H-LAdZTWLj-QtUFrAWiFhtYmW9","https://drive.google.com/file/d/1rE3XO2H-LAdZTWLj-QtUFrAWiFhtYmW9/view?usp=drivesdk","application/pdf","/Semester 3/22CS320-THEORY AND DESIGN OF PROGRAMMING LANGUAGES/Notes and PPTs/NOTES/Bhavani man notes/Cat 2","2025-09-23 21:08:33",152266
"Prolog.pdf","12VNHiMDRIWGQSvqsEq1bCut1Dv4brXJp","https://drive.google.com/file/d/12VNHiMDRIWGQSvqsEq1bCut1Dv4brXJp/view?usp=drivesdk","application/pdf","/Semester 3/22CS320-THEORY AND DESIGN OF PROGRAMMING LANGUAGES/Notes and PPTs/NOTES/Bhavani man notes/Cat 2","2025-09-23 21:08:37",4307130
"UNIT VI-Part II.ppt.pdf","1Y5BKDzswC94PdInwPLglGpGwgoOjfrKz","https://drive.google.com/file/d/1Y5BKDzswC94PdInwPLglGpGwgoOjfrKz/view?usp=drivesdk","application/pdf","/Semester 3/22CS320-THEORY AND DESIGN OF PROGRAMMING LANGUAGES/Notes and PPTs/NOTES/Bhavani man notes/Cat 2","2025-09-23 21:08:40",751672
"lambda_calculus.pdf","1RoiacQcpFqT4r1K1ZHGVfHENkxKmEwRg","https://drive.google.com/file/d/1RoiacQcpFqT4r1K1ZHGVfHENkxKmEwRg/view?usp=drivesdk","application/pdf","/Semester 3/22CS320-THEORY AND DESIGN OF PROGRAMMING LANGUAGES/Notes and PPTs/NOTES/Bhavani man notes/Cat 2","2025-09-23 21:08:32",188038
"UNIT VI-Part I.ppt.pdf","1kjjwoRs6e8yBOVSEg8nNPC1Jj2SMHxAC","https://drive.google.com/file/d/1kjjwoRs6e8yBOVSEg8nNPC1Jj2SMHxAC/view?usp=drivesdk","application/pdf","/Semester 3/22CS320-THEORY AND DESIGN OF PROGRAMMING LANGUAGES/Notes and PPTs/NOTES/Bhavani man notes/Cat 2","2025-09-23 21:08:37",364096
"Prolog_Example_4.pdf","1XPfG66i39uP5HATYTqEklkeVVjvkAiyu","https://drive.google.com/file/d/1XPfG66i39uP5HATYTqEklkeVVjvkAiyu/view?usp=drivesdk","application/pdf","/Semester 3/22CS320-THEORY AND DESIGN OF PROGRAMMING LANGUAGES/Notes and PPTs/NOTES/Bhavani man notes/Cat 2","2025-09-23 21:08:35",9031
"Prolog_Example_2.pdf","1gCnxXakH-jjT562MoCxjy_VSZeA48JBv","https://drive.google.com/file/d/1gCnxXakH-jjT562MoCxjy_VSZeA48JBv/view?usp=drivesdk","application/pdf","/Semester 3/22CS320-THEORY AND DESIGN OF PROGRAMMING LANGUAGES/Notes and PPTs/NOTES/Bhavani man notes/Cat 2","2025-09-23 21:08:38",12420
"Prolog_Example_1.pdf","1CtiDeH5-laQNybGU95dOvq4VDmamGMCJ","https://drive.google.com/file/d/1CtiDeH5-laQNybGU95dOvq4VDmamGMCJ/view?usp=drivesdk","application/pdf","/Semester 3/22CS320-THEORY AND DESIGN OF PROGRAMMING LANGUAGES/Notes and PPTs/NOTES/Bhavani man notes/Cat 2","2025-09-23 21:08:38",75629
"Prolog_Example_6.pdf","1HYeHBCi84PXijI58UIp74USKzNayWc7Z","https://drive.google.com/file/d/1HYeHBCi84PXijI58UIp74USKzNayWc7Z/view?usp=drivesdk","application/pdf","/Semester 3/22CS320-THEORY AND DESIGN OF PROGRAMMING LANGUAGES/Notes and PPTs/NOTES/Bhavani man notes/Cat 2","2025-09-23 21:08:35",10462
"UNIT VII PART II.ppt.pdf","1Of9tQ6n9fJmUJSRyfJyrqRl26S5U6mRa","https://drive.google.com/file/d/1Of9tQ6n9fJmUJSRyfJyrqRl26S5U6mRa/view?usp=drivesdk","application/pdf","/Semester 3/22CS320-THEORY AND DESIGN OF PROGRAMMING LANGUAGES/Notes and PPTs/NOTES/Bhavani man notes/Cat 2","2025-09-23 21:08:41",1762766
"UNIT VII PART I.pptx.pdf","15UGUuGBqIUD2osFsZhd90_o1aVcGBBQm","https://drive.google.com/file/d/15UGUuGBqIUD2osFsZhd90_o1aVcGBBQm/view?usp=drivesdk","application/pdf","/Semester 3/22CS320-THEORY AND DESIGN OF PROGRAMMING LANGUAGES/Notes and PPTs/NOTES/Bhavani man notes/Cat 2","2025-09-23 21:08:41",1377865
"Introduction to Functional Programming - Scheme.pdf","1rNIg-P9m89Z_anTa7lrAJd6Gwl67_R00","https://drive.google.com/file/d/1rNIg-P9m89Z_anTa7lrAJd6Gwl67_R00/view?usp=drivesdk","application/pdf","/Semester 3/22CS320-THEORY AND DESIGN OF PROGRAMMING LANGUAGES/Notes and PPTs/NOTES/CAT 2 Sandhiya mam notes","2025-09-23 21:02:08",424487
"1 UNIT IV Part 1.ppt","1pH5tJZrZtJMukU2rxkoBTATnOtOpGosL","https://docs.google.com/presentation/d/1pH5tJZrZtJMukU2rxkoBTATnOtOpGosL/edit?usp=drivesdk&ouid=104497255580477485161&rtpof=true&sd=true","application/vnd.ms-powerpoint","/Semester 3/22CS320-THEORY AND DESIGN OF PROGRAMMING LANGUAGES/Notes and PPTs/NOTES/CAT 2 Sandhiya mam notes","2025-09-23 21:02:05",273408
"UNIT IV Part 1 Mark-up.pdf","1hMvAUGoKa6jbXqaNPM-o5lC2jYg3nT-Q","https://drive.google.com/file/d/1hMvAUGoKa6jbXqaNPM-o5lC2jYg3nT-Q/view?usp=drivesdk","application/pdf","/Semester 3/22CS320-THEORY AND DESIGN OF PROGRAMMING LANGUAGES/Notes and PPTs/NOTES/CAT 2 Sandhiya mam notes","2025-09-23 21:02:05",286080
"UNIT VI-Part II.ppt","16nbmqFqgtPDs7VSxhw-B1k8iJqx7xFFl","https://docs.google.com/presentation/d/16nbmqFqgtPDs7VSxhw-B1k8iJqx7xFFl/edit?usp=drivesdk&ouid=104497255580477485161&rtpof=true&sd=true","application/vnd.ms-powerpoint","/Semester 3/22CS320-THEORY AND DESIGN OF PROGRAMMING LANGUAGES/Notes and PPTs/NOTES/CAT 2 Sandhiya mam notes","2025-09-23 21:02:12",1265152
"Ada Programming_removed.pdf","1qNl-gCucgiKMYIngD7kx3rBz-5h2TLcc","https://drive.google.com/file/d/1qNl-gCucgiKMYIngD7kx3rBz-5h2TLcc/view?usp=drivesdk","application/pdf","/Semester 3/22CS320-THEORY AND DESIGN OF PROGRAMMING LANGUAGES/Notes and PPTs/NOTES/CAT 2 Sandhiya mam notes","2025-09-23 21:02:06",714649
"Prolog.pdf","17XerKxrOJWlIePG9zThSbv5n31HlqkIy","https://drive.google.com/file/d/17XerKxrOJWlIePG9zThSbv5n31HlqkIy/view?usp=drivesdk","application/pdf","/Semester 3/22CS320-THEORY AND DESIGN OF PROGRAMMING LANGUAGES/Notes and PPTs/NOTES/CAT 2 Sandhiya mam notes","2025-09-23 21:02:16",4307130
"Functional Programming.ppt","1a7_9Un9S3bmpUAMj3mkEyvneXq2Sv-7v","https://docs.google.com/presentation/d/1a7_9Un9S3bmpUAMj3mkEyvneXq2Sv-7v/edit?usp=drivesdk&ouid=104497255580477485161&rtpof=true&sd=true","application/vnd.ms-powerpoint","/Semester 3/22CS320-THEORY AND DESIGN OF PROGRAMMING LANGUAGES/Notes and PPTs/NOTES/CAT 2 Sandhiya mam notes","2025-09-23 21:02:08",102400
"lambda_calculus 1.pdf","19WbfZiWX9q5zh_HKJm7C5pCw2AAXKyyw","https://drive.google.com/file/d/19WbfZiWX9q5zh_HKJm7C5pCw2AAXKyyw/view?usp=drivesdk","application/pdf","/Semester 3/22CS320-THEORY AND DESIGN OF PROGRAMMING LANGUAGES/Notes and PPTs/NOTES/CAT 2 Sandhiya mam notes","2025-09-23 21:02:09",188038
"lambda_calculus.pdf","1A-b7XL4UTMhoaALoyTAd3XwziY57VHWW","https://drive.google.com/file/d/1A-b7XL4UTMhoaALoyTAd3XwziY57VHWW/view?usp=drivesdk","application/pdf","/Semester 3/22CS320-THEORY AND DESIGN OF PROGRAMMING LANGUAGES/Notes and PPTs/NOTES/CAT 2 Sandhiya mam notes","2025-09-23 21:02:05",188038
"UNIT VI-Part I.ppt","1JkxK8XHLv-Ybq-SoSR1uJGUQsLvRsexK","https://docs.google.com/presentation/d/1JkxK8XHLv-Ybq-SoSR1uJGUQsLvRsexK/edit?usp=drivesdk&ouid=104497255580477485161&rtpof=true&sd=true","application/vnd.ms-powerpoint","/Semester 3/22CS320-THEORY AND DESIGN OF PROGRAMMING LANGUAGES/Notes and PPTs/NOTES/CAT 2 Sandhiya mam notes","2025-09-23 21:02:08",926720
"UNIT VII PART I.pptx","1SZWFqZHeQXlk7h0-K9G_hQmPJMzL-U0V","https://docs.google.com/presentation/d/1SZWFqZHeQXlk7h0-K9G_hQmPJMzL-U0V/edit?usp=drivesdk&ouid=104497255580477485161&rtpof=true&sd=true","application/vnd.openxmlformats-officedocument.presentationml.presentation","/Semester 3/22CS320-THEORY AND DESIGN OF PROGRAMMING LANGUAGES/Notes and PPTs/NOTES/CAT 2 Sandhiya mam notes","2025-09-23 21:02:17",2595386
"UNIT VII PART II.ppt","18uFM8VA2IRwXfTlV1wXqUugci6seqLdt","https://docs.google.com/presentation/d/18uFM8VA2IRwXfTlV1wXqUugci6seqLdt/edit?usp=drivesdk&ouid=104497255580477485161&rtpof=true&sd=true","application/vnd.ms-powerpoint","/Semester 3/22CS320-THEORY AND DESIGN OF PROGRAMMING LANGUAGES/Notes and PPTs/NOTES/CAT 2 Sandhiya mam notes","2025-09-23 21:02:12",2192384
"UNIT IV Part III.ppt","1dIh0FRER7E1OmocUXOY6WXCnOSuR_lrm","https://docs.google.com/presentation/d/1dIh0FRER7E1OmocUXOY6WXCnOSuR_lrm/edit?usp=drivesdk&ouid=104497255580477485161&rtpof=true&sd=true","application/vnd.ms-powerpoint","/Semester 3/22CS320-THEORY AND DESIGN OF PROGRAMMING LANGUAGES/Notes and PPTs/NOTES/CAT 2 Sandhiya mam notes","2025-09-23 21:02:13",1177088
"UNIT IV Part II.ppt","1ee792HlYC-MkdkiOCb8Y8j8aLcU54_3G","https://docs.google.com/presentation/d/1ee792HlYC-MkdkiOCb8Y8j8aLcU54_3G/edit?usp=drivesdk&ouid=104497255580477485161&rtpof=true&sd=true","application/vnd.ms-powerpoint","/Semester 3/22CS320-THEORY AND DESIGN OF PROGRAMMING LANGUAGES/Notes and PPTs/NOTES/CAT 2 Sandhiya mam notes","2025-09-23 21:02:12",891904
"TDPL CAT 2.zip","1Ffyfjt5MHXhBigYSwNfHQ4M36XIhzjtm","https://drive.google.com/file/d/1Ffyfjt5MHXhBigYSwNfHQ4M36XIhzjtm/view?usp=drivesdk","application/zip","/Semester 3/22CS320-THEORY AND DESIGN OF PROGRAMMING LANGUAGES/Notes and PPTs/NOTES/CAT 2 Sandhiya mam notes/Swetha zip file","2025-09-23 21:09:00",13151752
"IMG-20241202-WA0011.jpg","1tCPy1ZANIyPP--WNcsoRarwRV-3N_Wq1","https://drive.google.com/file/d/1tCPy1ZANIyPP--WNcsoRarwRV-3N_Wq1/view?usp=drivesdk","image/jpeg","/Semester 3/22CS320-THEORY AND DESIGN OF PROGRAMMING LANGUAGES/Notes and PPTs/NOTES/CAT 2 Sandhiya mam notes/Course plan","2025-09-23 21:08:49",203846
"IMG-20241202-WA0012.jpg","1bibDzF-Hzo8USOCoPrsxeNmdb5ObGC7I","https://drive.google.com/file/d/1bibDzF-Hzo8USOCoPrsxeNmdb5ObGC7I/view?usp=drivesdk","image/jpeg","/Semester 3/22CS320-THEORY AND DESIGN OF PROGRAMMING LANGUAGES/Notes and PPTs/NOTES/CAT 2 Sandhiya mam notes/Course plan","2025-09-23 21:08:48",163027
"IMG-20241202-WA0013.jpg","1ddWMPyQy_LgbCBxHsrnNQvvfk0wHaNkE","https://drive.google.com/file/d/1ddWMPyQy_LgbCBxHsrnNQvvfk0wHaNkE/view?usp=drivesdk","image/jpeg","/Semester 3/22CS320-THEORY AND DESIGN OF PROGRAMMING LANGUAGES/Notes and PPTs/NOTES/CAT 2 Sandhiya mam notes/Course plan","2025-09-23 21:08:51",168336
"index.html","14Ds91qnmbGu8oTjouHo-9IXeMaNh0XzR","https://drive.google.com/file/d/14Ds91qnmbGu8oTjouHo-9IXeMaNh0XzR/view?usp=drivesdk","text/html","/Semester 3/22CS320-THEORY AND DESIGN OF PROGRAMMING LANGUAGES/Notes and PPTs/NOTES/Web Application","2025-09-23 21:02:02",2771
"script.js","140TPv1lWsAI4Gim3yFAXulLVAFRFYZIN","https://drive.google.com/file/d/140TPv1lWsAI4Gim3yFAXulLVAFRFYZIN/view?usp=drivesdk","text/javascript","/Semester 3/22CS320-THEORY AND DESIGN OF PROGRAMMING LANGUAGES/Notes and PPTs/NOTES/Web Application","2025-09-23 21:02:03",1118
"form.dtd","12DDECKXSRzz4KaHmoBbzS28z1qfKRGk0","https://drive.google.com/file/d/12DDECKXSRzz4KaHmoBbzS28z1qfKRGk0/view?usp=drivesdk","application/octet-stream","/Semester 3/22CS320-THEORY AND DESIGN OF PROGRAMMING LANGUAGES/Notes and PPTs/NOTES/Web Application","2025-09-23 21:02:00",147
"xml-data.xml","1D1F1ertBaPYrmHafpvPjPf97Qc2hkvPa","https://drive.google.com/file/d/1D1F1ertBaPYrmHafpvPjPf97Qc2hkvPa/view?usp=drivesdk","text/xml","/Semester 3/22CS320-THEORY AND DESIGN OF PROGRAMMING LANGUAGES/Notes and PPTs/NOTES/Web Application","2025-09-23 21:02:01",672
"style.css","1i5WnqRv_X55HQcxojwrJ3CmE3BpSk2ul","https://drive.google.com/file/d/1i5WnqRv_X55HQcxojwrJ3CmE3BpSk2ul/view?usp=drivesdk","text/css","/Semester 3/22CS320-THEORY AND DESIGN OF PROGRAMMING LANGUAGES/Notes and PPTs/NOTES/Web Application","2025-09-23 21:02:01",593
"Screenshot (644).png","1ILTkfPxmYbQ6snyMIGXky9vmgvGFyrTW","https://drive.google.com/file/d/1ILTkfPxmYbQ6snyMIGXky9vmgvGFyrTW/view?usp=drivesdk","image/png","/Semester 3/22CS320-THEORY AND DESIGN OF PROGRAMMING LANGUAGES/Notes and PPTs/NOTES/Web Application/Screenshots","2025-09-23 21:08:47",241210
"Screenshot (643).png","1V_Ff7W2XhId8z4EZa3WRuUfb9-N3V_jf","https://drive.google.com/file/d/1V_Ff7W2XhId8z4EZa3WRuUfb9-N3V_jf/view?usp=drivesdk","image/png","/Semester 3/22CS320-THEORY AND DESIGN OF PROGRAMMING LANGUAGES/Notes and PPTs/NOTES/Web Application/Screenshots","2025-09-23 21:08:47",243143
"2. UNIT 1 - PPT 2 Mark-up.pdf","1jF44ik8eNFcngAJHmbxfx8EEpLHmNoTm","https://drive.google.com/file/d/1jF44ik8eNFcngAJHmbxfx8EEpLHmNoTm/view?usp=drivesdk","application/pdf","/Semester 3/22CS320-THEORY AND DESIGN OF PROGRAMMING LANGUAGES/Notes and PPTs/NOTES/CAT 1 Sandhiya mam notes","2025-09-23 21:01:53",699902
"1. UNIT 1 - PPT 1 Mark-up.pdf","1oh7MSbp4pZEWNVn2xro3Tlfkb2nYU8hr","https://drive.google.com/file/d/1oh7MSbp4pZEWNVn2xro3Tlfkb2nYU8hr/view?usp=drivesdk","application/pdf","/Semester 3/22CS320-THEORY AND DESIGN OF PROGRAMMING LANGUAGES/Notes and PPTs/NOTES/CAT 1 Sandhiya mam notes","2025-09-23 21:01:55",312162
"5. Unit 3 (Material).docx","1phNu0vQZDjqBTK05s2KHe1s0EvxTm4VV","https://docs.google.com/document/d/1phNu0vQZDjqBTK05s2KHe1s0EvxTm4VV/edit?usp=drivesdk&ouid=104497255580477485161&rtpof=true&sd=true","application/vnd.openxmlformats-officedocument.wordprocessingml.document","/Semester 3/22CS320-THEORY AND DESIGN OF PROGRAMMING LANGUAGES/Notes and PPTs/NOTES/CAT 1 Sandhiya mam notes","2025-09-23 21:01:51",191144
"UNIT 3.ppt","1iGpYdv2ytdl3h6qZJ09Wd3CeNv114q-Y","https://docs.google.com/presentation/d/1iGpYdv2ytdl3h6qZJ09Wd3CeNv114q-Y/edit?usp=drivesdk&ouid=104497255580477485161&rtpof=true&sd=true","application/vnd.ms-powerpoint","/Semester 3/22CS320-THEORY AND DESIGN OF PROGRAMMING LANGUAGES/Notes and PPTs/NOTES/CAT 1 Sandhiya mam notes","2025-09-23 21:01:51",567808
"6. UNIT IV Part 1.ppt","1bCWAGQaPMihFN4FJVFtDQaB5iizAKBaX","https://docs.google.com/presentation/d/1bCWAGQaPMihFN4FJVFtDQaB5iizAKBaX/edit?usp=drivesdk&ouid=104497255580477485161&rtpof=true&sd=true","application/vnd.ms-powerpoint","/Semester 3/22CS320-THEORY AND DESIGN OF PROGRAMMING LANGUAGES/Notes and PPTs/NOTES/CAT 1 Sandhiya mam notes","2025-09-23 21:01:54",263680
"4. UNIT 2 - Lect(Full).ppt","1iaXtpG4a_oQWM-JmxH4pzsX9fQ7YSuqV","https://docs.google.com/presentation/d/1iaXtpG4a_oQWM-JmxH4pzsX9fQ7YSuqV/edit?usp=drivesdk&ouid=104497255580477485161&rtpof=true&sd=true","application/vnd.ms-powerpoint","/Semester 3/22CS320-THEORY AND DESIGN OF PROGRAMMING LANGUAGES/Notes and PPTs/NOTES/CAT 1 Sandhiya mam notes","2025-09-23 21:01:52",1492992
"3. UNIT 1 - PART III Mark-up.pdf","1zAjHhmEpBwh2adSRD27WGpfpMUbmHEFh","https://drive.google.com/file/d/1zAjHhmEpBwh2adSRD27WGpfpMUbmHEFh/view?usp=drivesdk","application/pdf","/Semester 3/22CS320-THEORY AND DESIGN OF PROGRAMMING LANGUAGES/Notes and PPTs/NOTES/CAT 1 Sandhiya mam notes","2025-09-23 21:01:55",1091025
"Cat 1 prev year qn.docx","1zYaYAl5JMI4_efcuY_15PLgQKqrezaM2","https://docs.google.com/document/d/1zYaYAl5JMI4_efcuY_15PLgQKqrezaM2/edit?usp=drivesdk&ouid=104497255580477485161&rtpof=true&sd=true","application/vnd.openxmlformats-officedocument.wordprocessingml.document","/Semester 3/22CS320-THEORY AND DESIGN OF PROGRAMMING LANGUAGES/Question Papers","2025-09-23 21:00:15",182101
"Copy of WhatsApp Image 2024-02-27 at 15.14.13_706f25ea.jpg","1FeB2K1chm0I6CC3fYiHHJyHKLVoqrSxc","https://drive.google.com/file/d/1FeB2K1chm0I6CC3fYiHHJyHKLVoqrSxc/view?usp=drivesdk","image/jpeg","/Semester 4/23CHAD0-INDIAN CONSTITUTION AND KNOWLEDGE SYSTEMS/Notes and PPTs/REFERENCE PPTs","2025-09-28 21:01:32",94844
"Copy of COI -final.pdf","12-BQU0nmJ1e8ogrXOhnQik96CU9wT6-f","https://drive.google.com/file/d/12-BQU0nmJ1e8ogrXOhnQik96CU9wT6-f/view?usp=drivesdk","application/pdf","/Semester 4/23CHAD0-INDIAN CONSTITUTION AND KNOWLEDGE SYSTEMS/Notes and PPTs/REFERENCE PPTs","2025-09-28 21:01:30",10896836
"Copy of Introduction.pptx","19EYNtFvT9jUaWTM4EwO1usi8_Hxis8Qu","https://docs.google.com/presentation/d/19EYNtFvT9jUaWTM4EwO1usi8_Hxis8Qu/edit?usp=drivesdk&ouid=104497255580477485161&rtpof=true&sd=true","application/vnd.openxmlformats-officedocument.presentationml.presentation","/Semester 4/23CHAD0-INDIAN CONSTITUTION AND KNOWLEDGE SYSTEMS/Notes and PPTs/REFERENCE PPTs","2025-09-28 21:01:30",2287325
"Copy of MAIN CONTENT.pdf","19YuAiTtnS9fLxBfa1UPGspMKcbEcqhkl","https://drive.google.com/file/d/19YuAiTtnS9fLxBfa1UPGspMKcbEcqhkl/view?usp=drivesdk","application/pdf","/Semester 4/23CHAD0-INDIAN CONSTITUTION AND KNOWLEDGE SYSTEMS/Notes and PPTs/REFERENCE PPTs","2025-09-28 21:01:30",746637
"Copy of COI 2.DPSP Directive Principles in State Policy.pdf","1I58ekMqnOPMNpF1J2GPk5jG7N5_h6cA-","https://drive.google.com/file/d/1I58ekMqnOPMNpF1J2GPk5jG7N5_h6cA-/view?usp=drivesdk","application/pdf","/Semester 4/23CHAD0-INDIAN CONSTITUTION AND KNOWLEDGE SYSTEMS/Notes and PPTs/REFERENCE PPTs","2025-09-28 21:01:30",7706137
"Copy of COI 1.Fundamental Rights.pdf","1Kc68qv3gTFPP3HPkfx0UeHokncfjV55s","https://drive.google.com/file/d/1Kc68qv3gTFPP3HPkfx0UeHokncfjV55s/view?usp=drivesdk","application/pdf","/Semester 4/23CHAD0-INDIAN CONSTITUTION AND KNOWLEDGE SYSTEMS/Notes and PPTs/REFERENCE PPTs","2025-09-28 21:01:30",30844006
"Copy of PRESIDENT.pdf","1KxoD3W8rI5c0w5kaV1V48TtCmycQNLVT","https://drive.google.com/file/d/1KxoD3W8rI5c0w5kaV1V48TtCmycQNLVT/view?usp=drivesdk","application/pdf","/Semester 4/23CHAD0-INDIAN CONSTITUTION AND KNOWLEDGE SYSTEMS/Notes and PPTs/REFERENCE PPTs","2025-09-28 21:01:30",10896701
"Copy of Fundamental Duties.pdf","1Q4-OQK168mWLCbatGzHnvXrQbAEPFxgo","https://drive.google.com/file/d/1Q4-OQK168mWLCbatGzHnvXrQbAEPFxgo/view?usp=drivesdk","application/pdf","/Semester 4/23CHAD0-INDIAN CONSTITUTION AND KNOWLEDGE SYSTEMS/Notes and PPTs/REFERENCE PPTs","2025-09-28 21:01:30",6845907
"Copy of Law Firm Website in Gold White Sleek Corporate Style.pdf","1UCdqeQ-nh9zZSWR4p6Kuzf9rkAWLN_LO","https://drive.google.com/file/d/1UCdqeQ-nh9zZSWR4p6Kuzf9rkAWLN_LO/view?usp=drivesdk","application/pdf","/Semester 4/23CHAD0-INDIAN CONSTITUTION AND KNOWLEDGE SYSTEMS/Notes and PPTs/REFERENCE PPTs","2025-09-28 21:01:30",10239918
"Copy of Constitution of India Syllabus.pdf","1q6o1ntdHgWO2Zm1xZuL3EAhpOHcLLgua","https://drive.google.com/file/d/1q6o1ntdHgWO2Zm1xZuL3EAhpOHcLLgua/view?usp=drivesdk","application/pdf","/Semester 4/23CHAD0-INDIAN CONSTITUTION AND KNOWLEDGE SYSTEMS/Notes and PPTs/REFERENCE PPTs","2025-09-28 21:01:30",224483
"Copy of WhatsApp Image 2024-02-27 at 15.14.12_31cc933f.jpg","19SRcB_B5P_z1Aoj6fIY5eDBhocJrWWZa","https://drive.google.com/file/d/19SRcB_B5P_z1Aoj6fIY5eDBhocJrWWZa/view?usp=drivesdk","image/jpeg","/Semester 4/23CHAD0-INDIAN CONSTITUTION AND KNOWLEDGE SYSTEMS/Notes and PPTs/REFERENCE PPTs","2025-09-28 21:01:29",128013
"Copy of Who Moved my Cheese.pdf","1ALv4ZNyixdVORw6qhD33nqt6NiEeqlMF","https://drive.google.com/file/d/1ALv4ZNyixdVORw6qhD33nqt6NiEeqlMF/view?usp=drivesdk","application/pdf","/Semester 4/22EG660-PROFESSIONAL COMMUNICATION/Notes and PPTs/REFERENCE NOTES","2025-09-28 21:24:03",5178773
"Copy of resume joshi.docx","1cwI5JJLaTbAHGtwk0k_XZP0KGTh6J08J","https://docs.google.com/document/d/1cwI5JJLaTbAHGtwk0k_XZP0KGTh6J08J/edit?usp=drivesdk&ouid=104497255580477485161&rtpof=true&sd=true","application/vnd.openxmlformats-officedocument.wordprocessingml.document","/Semester 4/22EG660-PROFESSIONAL COMMUNICATION/Notes and PPTs/REFERENCE NOTES","2025-09-28 21:24:03",61387
"Copy of resume joshi 2.pdf","1iQwE3DiT-LWBkGPjPUCXAyzf35bOFvDO","https://drive.google.com/file/d/1iQwE3DiT-LWBkGPjPUCXAyzf35bOFvDO/view?usp=drivesdk","application/pdf","/Semester 4/22EG660-PROFESSIONAL COMMUNICATION/Notes and PPTs/REFERENCE NOTES","2025-09-28 21:24:03",90811
"Copy of resume joshi final.pdf","1o23RHo2W1Wt7lgtHO48sa-kDqAU9zJbK","https://drive.google.com/file/d/1o23RHo2W1Wt7lgtHO48sa-kDqAU9zJbK/view?usp=drivesdk","application/pdf","/Semester 4/22EG660-PROFESSIONAL COMMUNICATION/Notes and PPTs/REFERENCE NOTES","2025-09-28 21:24:03",177925
"Copy of Resume - JOSHIKA SRI N R.pdf","13Ci372ewC23vTdknaAvfqux6j31vYrWz","https://drive.google.com/file/d/13Ci372ewC23vTdknaAvfqux6j31vYrWz/view?usp=drivesdk","application/pdf","/Semester 4/22EG660-PROFESSIONAL COMMUNICATION/Notes and PPTs/REFERENCE NOTES","2025-09-28 21:23:58",177925
"Copy of Professional Communication Exercises- II.pdf","1GOw3K8e4XMFyohyScmhmuGE7jDiuJxZW","https://drive.google.com/file/d/1GOw3K8e4XMFyohyScmhmuGE7jDiuJxZW/view?usp=drivesdk","application/pdf","/Semester 4/22EG660-PROFESSIONAL COMMUNICATION/Notes and PPTs/REFERENCE NOTES","2025-09-28 21:23:58",104957
"Copy of 2303917710422068_N_R_JOSHIKA_SRI.pptx","1HeKvdiLGM5acFT_c-TdZLW37szvho4Ud","https://docs.google.com/presentation/d/1HeKvdiLGM5acFT_c-TdZLW37szvho4Ud/edit?usp=drivesdk&ouid=104497255580477485161&rtpof=true&sd=true","application/vnd.openxmlformats-officedocument.presentationml.presentation","/Semester 4/22EG660-PROFESSIONAL COMMUNICATION/Notes and PPTs/REFERENCE NOTES","2025-09-28 21:23:58",6963973
"Copy of DocScanner 25 Apr 2025 5-43 pm.pdf","1Qt6dBayw7GAu8dY8szH8I7Z8ea01CX2S","https://drive.google.com/file/d/1Qt6dBayw7GAu8dY8szH8I7Z8ea01CX2S/view?usp=drivesdk","application/pdf","/Semester 4/22EG660-PROFESSIONAL COMMUNICATION/Notes and PPTs/REFERENCE NOTES","2025-09-28 21:23:58",1240852
"Copy of Mohammed_Fayaz_A_RESUME__IV_sem[1].docx","1SjPVSItNygzgoI-xt1MkDxocOW53TZe-","https://docs.google.com/document/d/1SjPVSItNygzgoI-xt1MkDxocOW53TZe-/edit?usp=drivesdk&ouid=104497255580477485161&rtpof=true&sd=true","application/vnd.openxmlformats-officedocument.wordprocessingml.document","/Semester 4/22EG660-PROFESSIONAL COMMUNICATION/Notes and PPTs/REFERENCE NOTES","2025-09-28 21:23:58",2906400
"Copy of resume joshi 2.docx","1bAaOs7zzcXtZfFrzRec3xItmLYPkzCMS","https://docs.google.com/document/d/1bAaOs7zzcXtZfFrzRec3xItmLYPkzCMS/edit?usp=drivesdk&ouid=104497255580477485161&rtpof=true&sd=true","application/vnd.openxmlformats-officedocument.wordprocessingml.document","/Semester 4/22EG660-PROFESSIONAL COMMUNICATION/Notes and PPTs/REFERENCE NOTES","2025-09-28 21:23:58",61395
"Copy of JOSHI RESUME FINAL.pdf","1it5xLXVd_VOCIz18h2Z4H1A4DGQV5KB_","https://drive.google.com/file/d/1it5xLXVd_VOCIz18h2Z4H1A4DGQV5KB_/view?usp=drivesdk","application/pdf","/Semester 4/22EG660-PROFESSIONAL COMMUNICATION/Notes and PPTs/REFERENCE NOTES","2025-09-28 21:23:58",177925
"Copy of JOSHIKA SRI - RESUME.pdf","1lP9KaAn_qnNTouAG7YNMOqVRF6uPsse1","https://drive.google.com/file/d/1lP9KaAn_qnNTouAG7YNMOqVRF6uPsse1/view?usp=drivesdk","application/pdf","/Semester 4/22EG660-PROFESSIONAL COMMUNICATION/Notes and PPTs/REFERENCE NOTES","2025-09-28 21:23:58",178404
"Copy of Mohamed Abubakkar Resume Final.pdf","1rRE1_7T5-IR6ixq_Wxcl16Rer-68wRa-","https://drive.google.com/file/d/1rRE1_7T5-IR6ixq_Wxcl16Rer-68wRa-/view?usp=drivesdk","application/pdf","/Semester 4/22EG660-PROFESSIONAL COMMUNICATION/Notes and PPTs/REFERENCE NOTES","2025-09-28 21:23:58",211040
"Copy of Professional Communication Lab Syllabus (2).pdf","1tmS65nG-ciavpVYnVLiPq52vGZQlk3xk","https://drive.google.com/file/d/1tmS65nG-ciavpVYnVLiPq52vGZQlk3xk/view?usp=drivesdk","application/pdf","/Semester 4/22EG660-PROFESSIONAL COMMUNICATION/Notes and PPTs/REFERENCE NOTES","2025-09-28 21:23:58",97559
"Copy of JS tutorial.pdf","1CafIIiZ-8AXduccmX3TfvK2GULFtUo98","https://drive.google.com/file/d/1CafIIiZ-8AXduccmX3TfvK2GULFtUo98/view?usp=drivesdk","application/pdf","/Semester 4/22CS450-WEB PROGRAMMING/Notes and PPTs/PPTs","2025-09-28 21:27:14",777432
"Copy of JS.pdf","1D0HpFYietMvchGrcJtFeAsTQElECI-qJ","https://drive.google.com/file/d/1D0HpFYietMvchGrcJtFeAsTQElECI-qJ/view?usp=drivesdk","application/pdf","/Semester 4/22CS450-WEB PROGRAMMING/Notes and PPTs/PPTs","2025-09-28 21:27:14",1617901
"Copy of Rest arch.pdf","1Ka14X3HXuW0L2ns_P6m3eXK2mG3A2VQz","https://drive.google.com/file/d/1Ka14X3HXuW0L2ns_P6m3eXK2mG3A2VQz/view?usp=drivesdk","application/pdf","/Semester 4/22CS450-WEB PROGRAMMING/Notes and PPTs/PPTs","2025-09-28 21:27:14",103210
"Copy of Unit-2 JS.pdf","1dQzsjrU5iI_nf1e17TviVig8oGHvyLP7","https://drive.google.com/file/d/1dQzsjrU5iI_nf1e17TviVig8oGHvyLP7/view?usp=drivesdk","application/pdf","/Semester 4/22CS450-WEB PROGRAMMING/Notes and PPTs/PPTs","2025-09-28 21:27:14",312279
"Copy of React basic.pdf","1gCs41zezJZJFThkmI12etW1wbqW2HV2T","https://drive.google.com/file/d/1gCs41zezJZJFThkmI12etW1wbqW2HV2T/view?usp=drivesdk","application/pdf","/Semester 4/22CS450-WEB PROGRAMMING/Notes and PPTs/PPTs","2025-09-28 21:27:14",709216
"Copy of JS objects.pdf","10WNd0f0SN5iQuX4rEJcTv5Sg2R1UyG8k","https://drive.google.com/file/d/10WNd0f0SN5iQuX4rEJcTv5Sg2R1UyG8k/view?usp=drivesdk","application/pdf","/Semester 4/22CS450-WEB PROGRAMMING/Notes and PPTs/PPTs","2025-09-28 21:27:10",1277911
"Copy of DOM ppt.pdf","1AO5TNixfcNsdaVBQTjJO8K76hGoGA8hU","https://drive.google.com/file/d/1AO5TNixfcNsdaVBQTjJO8K76hGoGA8hU/view?usp=drivesdk","application/pdf","/Semester 4/22CS450-WEB PROGRAMMING/Notes and PPTs/PPTs","2025-09-28 21:27:10",2111490
"Copy of Jquery AJAX.pdf","1AYWkT5BxaE0CvDYn8Ojd5w2r_riCo5mH","https://drive.google.com/file/d/1AYWkT5BxaE0CvDYn8Ojd5w2r_riCo5mH/view?usp=drivesdk","application/pdf","/Semester 4/22CS450-WEB PROGRAMMING/Notes and PPTs/PPTs","2025-09-28 21:27:10",449165
"Copy of HTTP.pdf","1_epHxXX-G_cbSo-kZqtzxbYclgdGl3wB","https://drive.google.com/file/d/1_epHxXX-G_cbSo-kZqtzxbYclgdGl3wB/view?usp=drivesdk","application/pdf","/Semester 4/22CS450-WEB PROGRAMMING/Notes and PPTs/PPTs","2025-09-28 21:27:10",561929
"Copy of Basic tags-2.pdf","1aeYbrduFaFmYTMz9jHZdddFtWDC0it9z","https://drive.google.com/file/d/1aeYbrduFaFmYTMz9jHZdddFtWDC0it9z/view?usp=drivesdk","application/pdf","/Semester 4/22CS450-WEB PROGRAMMING/Notes and PPTs/PPTs","2025-09-28 21:27:10",4015241
"Copy of Basic HTML tags.pdf","1gWjnfG2L_aSAQCX6QtKYn8fVQUC58_ps","https://drive.google.com/file/d/1gWjnfG2L_aSAQCX6QtKYn8fVQUC58_ps/view?usp=drivesdk","application/pdf","/Semester 4/22CS450-WEB PROGRAMMING/Notes and PPTs/PPTs","2025-09-28 21:27:10",292102
"Copy of html+css.pdf","1hiIEzdDML0np6FwVBHmXyKmHYcLlZ_kL","https://drive.google.com/file/d/1hiIEzdDML0np6FwVBHmXyKmHYcLlZ_kL/view?usp=drivesdk","application/pdf","/Semester 4/22CS450-WEB PROGRAMMING/Notes and PPTs/PPTs","2025-09-28 21:27:10",365085
"Copy of DOM AJAX.pdf","1u0yBZ_Xj5VQiiG4ehdLHOdNctVmWLKYv","https://drive.google.com/file/d/1u0yBZ_Xj5VQiiG4ehdLHOdNctVmWLKYv/view?usp=drivesdk","application/pdf","/Semester 4/22CS450-WEB PROGRAMMING/Notes and PPTs/PPTs","2025-09-28 21:27:10",603043
"Copy of Building a Simple REACT App.pdf","1v1o-Re0y0wJ3aolX9eBCXgXV5l8iVp_5","https://drive.google.com/file/d/1v1o-Re0y0wJ3aolX9eBCXgXV5l8iVp_5/view?usp=drivesdk","application/pdf","/Semester 4/22CS450-WEB PROGRAMMING/Notes and PPTs/PPTs","2025-09-28 21:27:10",318233
"Copy of JS form Validation.pdf","1vR4Ic26-fmH8J7HvAqa2l9BRj7tIa7dF","https://drive.google.com/file/d/1vR4Ic26-fmH8J7HvAqa2l9BRj7tIa7dF/view?usp=drivesdk","application/pdf","/Semester 4/22CS450-WEB PROGRAMMING/Notes and PPTs/PPTs","2025-09-28 21:27:10",2187388
"Course Plan.pdf","1jB2V6On5Uly9fhvuaWEifRW_mteFipcb","https://drive.google.com/file/d/1jB2V6On5Uly9fhvuaWEifRW_mteFipcb/view?usp=drivesdk","application/pdf","/Semester 4/22CS450-WEB PROGRAMMING/Course Plan","2025-11-12 11:16:40",365398
"Course Plan.pdf","1gClbBtPtRqx6XLkxw3lvjfhxIiFD9QWm","https://drive.google.com/file/d/1gClbBtPtRqx6XLkxw3lvjfhxIiFD9QWm/view?usp=drivesdk","application/pdf","/Semester 4/22CS480-ALGORITHMS LAB","2025-11-12 11:18:06",296213
"Course Plan.pdf","1ZVuF-JNU3itUVwPcmTgP2pMPECloPCcK","https://drive.google.com/file/d/1ZVuF-JNU3itUVwPcmTgP2pMPECloPCcK/view?usp=drivesdk","application/pdf","/Semester 4/22CS470-DATABASES LAB/Course Plan","2025-11-12 11:17:32",175043
"Copy of UserOperations.class","17WaT4Qgg_XIxga9WC6XtQE8E2gHcuC06","https://drive.google.com/file/d/17WaT4Qgg_XIxga9WC6XtQE8E2gHcuC06/view?usp=drivesdk","application/java","/Semester 4/22CS470-DATABASES LAB/Notes and PPTs","2025-09-28 21:31:32",4846
"Copy of DBConnection.java","1Ac11qst3JvHhT-uwdU5KeU41Amh1nM5Q","https://drive.google.com/file/d/1Ac11qst3JvHhT-uwdU5KeU41Amh1nM5Q/view?usp=drivesdk","text/x-java","/Semester 4/22CS470-DATABASES LAB/Notes and PPTs","2025-09-28 21:31:32",1212
"Copy of FitnessApp.java","1CtPhv9-1PG5JUvin-3d3cvhvNBInWYtZ","https://drive.google.com/file/d/1CtPhv9-1PG5JUvin-3d3cvhvNBInWYtZ/view?usp=drivesdk","text/x-java","/Semester 4/22CS470-DATABASES LAB/Notes and PPTs","2025-09-28 21:31:32",1017
"Copy of ojdbc8.jar","1E5XBzm1GaGzoYWuUkOavHoJDIiQ_u21q","https://drive.google.com/file/d/1E5XBzm1GaGzoYWuUkOavHoJDIiQ_u21q/view?usp=drivesdk","application/java-archive","/Semester 4/22CS470-DATABASES LAB/Notes and PPTs","2025-09-28 21:31:32",7196115
"Copy of UserOperations.java","1fX5i3rSa6YOXRYvABObAH4v1DGO374Bd","https://drive.google.com/file/d/1fX5i3rSa6YOXRYvABObAH4v1DGO374Bd/view?usp=drivesdk","text/x-java","/Semester 4/22CS470-DATABASES LAB/Notes and PPTs","2025-09-28 21:31:32",6596
"Copy of AdminOperations.class","1izxd7af7WeWQvRWYwGQZmb7WW92OxVxZ","https://drive.google.com/file/d/1izxd7af7WeWQvRWYwGQZmb7WW92OxVxZ/view?usp=drivesdk","application/java","/Semester 4/22CS470-DATABASES LAB/Notes and PPTs","2025-09-28 21:31:32",6945
"Copy of FitnessApp.class","1rCDnp7Ckx3kAYJRFilqthFPWhmuXlMdf","https://drive.google.com/file/d/1rCDnp7Ckx3kAYJRFilqthFPWhmuXlMdf/view?usp=drivesdk","application/java","/Semester 4/22CS470-DATABASES LAB/Notes and PPTs","2025-09-28 21:31:32",1105
"Copy of DBConnection.class","1wVyBqe-uegMPPkcjUOLUZ6mS6fpRZFtz","https://drive.google.com/file/d/1wVyBqe-uegMPPkcjUOLUZ6mS6fpRZFtz/view?usp=drivesdk","application/java","/Semester 4/22CS470-DATABASES LAB/Notes and PPTs","2025-09-28 21:31:32",1234
"Copy of AdminOperations.java","1zrL3xOFBB_tMXsNvoog8a5mWk3LWXouV","https://drive.google.com/file/d/1zrL3xOFBB_tMXsNvoog8a5mWk3LWXouV/view?usp=drivesdk","text/x-java","/Semester 4/22CS470-DATABASES LAB/Notes and PPTs","2025-09-28 21:31:32",8909
"Copy of DATABASES LAB - CHEAT SHEET.pdf","1IF8GrD_UxSeCJp_CFB2W1iVx57J5QKha","https://drive.google.com/file/d/1IF8GrD_UxSeCJp_CFB2W1iVx57J5QKha/view?usp=drivesdk","application/pdf","/Semester 4/22CS470-DATABASES LAB/Notes and PPTs/ppts","2025-09-28 21:30:31",303447
"Course Plan.pdf","1y-8CGSega0OeGUJWW9_7vL1AswYwWFcd","https://drive.google.com/file/d/1y-8CGSega0OeGUJWW9_7vL1AswYwWFcd/view?usp=drivesdk","application/pdf","/Semester 4/22CS430-DATA COMMUNICATION AND NETWORKS/Course Plan","2025-11-12 11:12:40",294522
"Copy of UDP TCP Process-to-Process Delivery.pdf","1pjQvoPZXHy6JFrKIIW_dcKnnYLtHb54k","https://drive.google.com/file/d/1pjQvoPZXHy6JFrKIIW_dcKnnYLtHb54k/view?usp=drivesdk","application/pdf","/Semester 4/22CS430-DATA COMMUNICATION AND NETWORKS/Notes and PPTs","2025-09-28 21:11:11",1660902
"Copy of Datalink Protocols.pdf","19t7KPf8mfR1szAHW7_alFkXywhUj4sAG","https://drive.google.com/file/d/19t7KPf8mfR1szAHW7_alFkXywhUj4sAG/view?usp=drivesdk","application/pdf","/Semester 4/22CS430-DATA COMMUNICATION AND NETWORKS/Notes and PPTs","2025-09-28 21:11:10",1540412
"Copy of IP-Fragmentation.pdf","1Fg3wdm-os7N5Vgzz9CjgYavahBVqHxLW","https://drive.google.com/file/d/1Fg3wdm-os7N5Vgzz9CjgYavahBVqHxLW/view?usp=drivesdk","application/pdf","/Semester 4/22CS430-DATA COMMUNICATION AND NETWORKS/Notes and PPTs","2025-09-28 21:11:10",89345
"Copy of 4.6 MAC 802.11.pdf","1UfZYoOgDm7VfjFiKOTPeXgEYykc1Phht","https://drive.google.com/file/d/1UfZYoOgDm7VfjFiKOTPeXgEYykc1Phht/view?usp=drivesdk","application/pdf","/Semester 4/22CS430-DATA COMMUNICATION AND NETWORKS/Notes and PPTs","2025-09-28 21:11:10",414962
"Copy of 5.2 Routing Algorithms.pdf","1V36a6FTPIqA-uoEboNchKEcxLLY6KjiL","https://drive.google.com/file/d/1V36a6FTPIqA-uoEboNchKEcxLLY6KjiL/view?usp=drivesdk","application/pdf","/Semester 4/22CS430-DATA COMMUNICATION AND NETWORKS/Notes and PPTs","2025-09-28 21:11:10",1151524
"Copy of 4.4 Media Access Control.pdf","1YO63VfPXEYgJRppSS6XgQkQkHC63Exzi","https://drive.google.com/file/d/1YO63VfPXEYgJRppSS6XgQkQkHC63Exzi/view?usp=drivesdk","application/pdf","/Semester 4/22CS430-DATA COMMUNICATION AND NETWORKS/Notes and PPTs","2025-09-28 21:11:10",1975913
"Copy of Datalink Control.pdf","1eXe6_Uaa0gDhRW1P-yda984ac5PfKy9p","https://drive.google.com/file/d/1eXe6_Uaa0gDhRW1P-yda984ac5PfKy9p/view?usp=drivesdk","application/pdf","/Semester 4/22CS430-DATA COMMUNICATION AND NETWORKS/Notes and PPTs","2025-09-28 21:11:10",1188547
"Copy of 4.5 MAC CSMA CA.pdf","1hzxdN8FrhmVYLlLZzSyXBtoQHSa3LmPp","https://drive.google.com/file/d/1hzxdN8FrhmVYLlLZzSyXBtoQHSa3LmPp/view?usp=drivesdk","application/pdf","/Semester 4/22CS430-DATA COMMUNICATION AND NETWORKS/Notes and PPTs","2025-09-28 21:11:10",325293
"Copy of Application Layer DNS.pdf","1lzVC7x5LjXqxtQ8BC-Gtk7WPJYhsn-KQ","https://drive.google.com/file/d/1lzVC7x5LjXqxtQ8BC-Gtk7WPJYhsn-KQ/view?usp=drivesdk","application/pdf","/Semester 4/22CS430-DATA COMMUNICATION AND NETWORKS/Notes and PPTs","2025-09-28 21:11:10",670790
"Copy of Congestion Control TCP.pdf","1prks0a1VZgcSppx5UwdZb00L1r65VS-I","https://drive.google.com/file/d/1prks0a1VZgcSppx5UwdZb00L1r65VS-I/view?usp=drivesdk","application/pdf","/Semester 4/22CS430-DATA COMMUNICATION AND NETWORKS/Notes and PPTs","2025-09-28 21:11:10",567277
"Copy of Network Layer - Logical Addressing- Subnetting.pdf","1Gt5VC-J7kY5SExHwLL_zoq8pS9HnjQsq","https://drive.google.com/file/d/1Gt5VC-J7kY5SExHwLL_zoq8pS9HnjQsq/view?usp=drivesdk","application/pdf","/Semester 4/22CS430-DATA COMMUNICATION AND NETWORKS/Notes and PPTs","2025-09-28 21:11:09",1420110
"Copy of ch27-www-and-http.ppt","157HXcN919__3HHGWJ_3k9QNG4ssIzY9T","https://docs.google.com/presentation/d/157HXcN919__3HHGWJ_3k9QNG4ssIzY9T/edit?usp=drivesdk&ouid=104497255580477485161&rtpof=true&sd=true","application/vnd.ms-powerpoint","/Semester 4/22CS430-DATA COMMUNICATION AND NETWORKS/Notes and PPTs/REFERENCE PPTs","2025-09-28 21:09:25",1357312
"Copy of ch30-cryptography-2.ppt","1DkzfEnPCo4jMkPQK-bArBi6mAo5lljUS","https://docs.google.com/presentation/d/1DkzfEnPCo4jMkPQK-bArBi6mAo5lljUS/edit?usp=drivesdk&ouid=104497255580477485161&rtpof=true&sd=true","application/vnd.ms-powerpoint","/Semester 4/22CS430-DATA COMMUNICATION AND NETWORKS/Notes and PPTs/REFERENCE PPTs","2025-09-28 21:09:25",3008000
"Copy of ch19-network-layer-logical-addressing.ppt","1-YuARQuMQXQ8jTrrYUx59LQrg2lUVJwn","https://docs.google.com/presentation/d/1-YuARQuMQXQ8jTrrYUx59LQrg2lUVJwn/edit?usp=drivesdk&ouid=104497255580477485161&rtpof=true&sd=true","application/vnd.ms-powerpoint","/Semester 4/22CS430-DATA COMMUNICATION AND NETWORKS/Notes and PPTs/REFERENCE PPTs","2025-09-28 21:09:19",1918464
"Copy of ch22-network-layer-routing-forwarding-and-delivery.ppt","17Cdc8c6oJVWfTq33c_VtnrEXlwu1tjJG","https://docs.google.com/presentation/d/17Cdc8c6oJVWfTq33c_VtnrEXlwu1tjJG/edit?usp=drivesdk&ouid=104497255580477485161&rtpof=true&sd=true","application/vnd.ms-powerpoint","/Semester 4/22CS430-DATA COMMUNICATION AND NETWORKS/Notes and PPTs/REFERENCE PPTs","2025-09-28 21:09:19",1730048
"Copy of ch13-wired-lans-ethernet.ppt","17YYPFFy2vlT4P_r5oLW0JTto2NSr9Z4a","https://docs.google.com/presentation/d/17YYPFFy2vlT4P_r5oLW0JTto2NSr9Z4a/edit?usp=drivesdk&ouid=104497255580477485161&rtpof=true&sd=true","application/vnd.ms-powerpoint","/Semester 4/22CS430-DATA COMMUNICATION AND NETWORKS/Notes and PPTs/REFERENCE PPTs","2025-09-28 21:09:19",1324544
"Copy of ch20-network-layer-internet-protocol.ppt","18a0yNMSxIDwJ8Mjfy2H3VMi6gfAWdQVC","https://docs.google.com/presentation/d/18a0yNMSxIDwJ8Mjfy2H3VMi6gfAWdQVC/edit?usp=drivesdk&ouid=104497255580477485161&rtpof=true&sd=true","application/vnd.ms-powerpoint","/Semester 4/22CS430-DATA COMMUNICATION AND NETWORKS/Notes and PPTs/REFERENCE PPTs","2025-09-28 21:09:19",2531840
"Copy of ch23-udp-tcp-sctp.ppt","1970eawqrDwwdRStdE2wwsc9JML4qpUht","https://docs.google.com/presentation/d/1970eawqrDwwdRStdE2wwsc9JML4qpUht/edit?usp=drivesdk&ouid=104497255580477485161&rtpof=true&sd=true","application/vnd.ms-powerpoint","/Semester 4/22CS430-DATA COMMUNICATION AND NETWORKS/Notes and PPTs/REFERENCE PPTs","2025-09-28 21:09:19",2337280
"Copy of ch24-congestion-control-and-quality-of-service.ppt","1SbKuFGyGzMvQGHAfwu3YAiX2Ze82QtHR","https://docs.google.com/presentation/d/1SbKuFGyGzMvQGHAfwu3YAiX2Ze82QtHR/edit?usp=drivesdk&ouid=104497255580477485161&rtpof=true&sd=true","application/vnd.ms-powerpoint","/Semester 4/22CS430-DATA COMMUNICATION AND NETWORKS/Notes and PPTs/REFERENCE PPTs","2025-09-28 21:09:19",1470976
"Copy of ch21-network-layer-address-mapping-error-reporting-multicasting.ppt","1VnolxVKE2MpqYgWgAINKgrzl79T4VFII","https://docs.google.com/presentation/d/1VnolxVKE2MpqYgWgAINKgrzl79T4VFII/edit?usp=drivesdk&ouid=104497255580477485161&rtpof=true&sd=true","application/vnd.ms-powerpoint","/Semester 4/22CS430-DATA COMMUNICATION AND NETWORKS/Notes and PPTs/REFERENCE PPTs","2025-09-28 21:09:19",1634304
"Copy of ch25-domain-name-system.ppt","1jn_SA6MTHK7KgpghyBQbL4TmzvRhOZWH","https://docs.google.com/presentation/d/1jn_SA6MTHK7KgpghyBQbL4TmzvRhOZWH/edit?usp=drivesdk&ouid=104497255580477485161&rtpof=true&sd=true","application/vnd.ms-powerpoint","/Semester 4/22CS430-DATA COMMUNICATION AND NETWORKS/Notes and PPTs/REFERENCE PPTs","2025-09-28 21:09:19",716288
"Copy of ch26-remote-logging-electronic-mail-file-transfer.ppt","1mYUD2tojMQGPzwhpEY0KvYFsh2u61Pat","https://docs.google.com/presentation/d/1mYUD2tojMQGPzwhpEY0KvYFsh2u61Pat/edit?usp=drivesdk&ouid=104497255580477485161&rtpof=true&sd=true","application/vnd.ms-powerpoint","/Semester 4/22CS430-DATA COMMUNICATION AND NETWORKS/Notes and PPTs/REFERENCE PPTs","2025-09-28 21:09:19",2716160
"Copy of ch14-wireless-lans.ppt","1uAfbGSWFpK1pIFc1ZdQhqvrVZWKHVHqX","https://docs.google.com/presentation/d/1uAfbGSWFpK1pIFc1ZdQhqvrVZWKHVHqX/edit?usp=drivesdk&ouid=104497255580477485161&rtpof=true&sd=true","application/vnd.ms-powerpoint","/Semester 4/22CS430-DATA COMMUNICATION AND NETWORKS/Notes and PPTs/REFERENCE PPTs","2025-09-28 21:09:19",2059776
"Copy of ch07-transmission-media.ppt","11KLwkKig5VuZQYUc8rCyO8hXQFd_XGSU","https://docs.google.com/presentation/d/11KLwkKig5VuZQYUc8rCyO8hXQFd_XGSU/edit?usp=drivesdk&ouid=104497255580477485161&rtpof=true&sd=true","application/vnd.ms-powerpoint","/Semester 4/22CS430-DATA COMMUNICATION AND NETWORKS/Notes and PPTs/REFERENCE PPTs","2025-09-28 21:09:15",1913344
"Copy of ch06-bandwidth-utilization.ppt","150k-fjEoDVekZVYWUohV0FC7jROqb9Ai","https://docs.google.com/presentation/d/150k-fjEoDVekZVYWUohV0FC7jROqb9Ai/edit?usp=drivesdk&ouid=104497255580477485161&rtpof=true&sd=true","application/vnd.ms-powerpoint","/Semester 4/22CS430-DATA COMMUNICATION AND NETWORKS/Notes and PPTs/REFERENCE PPTs","2025-09-28 21:09:15",1534976
"Copy of ch02.ppt","19o6h5uc7InIK4Sun8kZvn9nqemSLuV3B","https://docs.google.com/presentation/d/19o6h5uc7InIK4Sun8kZvn9nqemSLuV3B/edit?usp=drivesdk&ouid=104497255580477485161&rtpof=true&sd=true","application/vnd.ms-powerpoint","/Semester 4/22CS430-DATA COMMUNICATION AND NETWORKS/Notes and PPTs/REFERENCE PPTs","2025-09-28 21:09:15",1636352
"Copy of ch11-data-link-control.ppt","1B-WrmnhN6A7Ni4bP7PseTwFrlChAawSj","https://docs.google.com/presentation/d/1B-WrmnhN6A7Ni4bP7PseTwFrlChAawSj/edit?usp=drivesdk&ouid=104497255580477485161&rtpof=true&sd=true","application/vnd.ms-powerpoint","/Semester 4/22CS430-DATA COMMUNICATION AND NETWORKS/Notes and PPTs/REFERENCE PPTs","2025-09-28 21:09:15",6251520
"Copy of ch05-analog-transmission.ppt","1QYTy5lyst-T4psZ7Q6ryWcO05d5ID3Tr","https://docs.google.com/presentation/d/1QYTy5lyst-T4psZ7Q6ryWcO05d5ID3Tr/edit?usp=drivesdk&ouid=104497255580477485161&rtpof=true&sd=true","application/vnd.ms-powerpoint","/Semester 4/22CS430-DATA COMMUNICATION AND NETWORKS/Notes and PPTs/REFERENCE PPTs","2025-09-28 21:09:15",1024000
"Copy of ch03-1.ppt","1TZOdtM-e-UEyavaviouR1nwLrqq-6Gnv","https://docs.google.com/presentation/d/1TZOdtM-e-UEyavaviouR1nwLrqq-6Gnv/edit?usp=drivesdk&ouid=104497255580477485161&rtpof=true&sd=true","application/vnd.ms-powerpoint","/Semester 4/22CS430-DATA COMMUNICATION AND NETWORKS/Notes and PPTs/REFERENCE PPTs","2025-09-28 21:09:15",2672128
"Copy of ch01.ppt","1UVdQuvFRcAnYIa4UGLmsspPJzJcmAzKK","https://docs.google.com/presentation/d/1UVdQuvFRcAnYIa4UGLmsspPJzJcmAzKK/edit?usp=drivesdk&ouid=104497255580477485161&rtpof=true&sd=true","application/vnd.ms-powerpoint","/Semester 4/22CS430-DATA COMMUNICATION AND NETWORKS/Notes and PPTs/REFERENCE PPTs","2025-09-28 21:09:15",1126400
"Copy of ch12-multiple-access.ppt","1UpQQD3awe6E5dcsS9Y_BFf1sWULSbEUC","https://docs.google.com/presentation/d/1UpQQD3awe6E5dcsS9Y_BFf1sWULSbEUC/edit?usp=drivesdk&ouid=104497255580477485161&rtpof=true&sd=true","application/vnd.ms-powerpoint","/Semester 4/22CS430-DATA COMMUNICATION AND NETWORKS/Notes and PPTs/REFERENCE PPTs","2025-09-28 21:09:15",1847296
"Copy of ch10-error-detection-and-correction.ppt","1ajK6iYNVBSA3_CtC6LqeAhkOXQc-u2Al","https://docs.google.com/presentation/d/1ajK6iYNVBSA3_CtC6LqeAhkOXQc-u2Al/edit?usp=drivesdk&ouid=104497255580477485161&rtpof=true&sd=true","application/vnd.ms-powerpoint","/Semester 4/22CS430-DATA COMMUNICATION AND NETWORKS/Notes and PPTs/REFERENCE PPTs","2025-09-28 21:09:15",3056640
"Copy of ch04-digital-transmission.ppt","1wTuTM4ooChuJkM4FX-QEe_QgvfxakXGc","https://docs.google.com/presentation/d/1wTuTM4ooChuJkM4FX-QEe_QgvfxakXGc/edit?usp=drivesdk&ouid=104497255580477485161&rtpof=true&sd=true","application/vnd.ms-powerpoint","/Semester 4/22CS430-DATA COMMUNICATION AND NETWORKS/Notes and PPTs/REFERENCE PPTs","2025-09-28 21:09:15",2059264
"Copy of DCN – MULTIPLE ACCESS.pptx","1nQy8jCfvsBlca6zwitlm-SFwh98pJu7k","https://docs.google.com/presentation/d/1nQy8jCfvsBlca6zwitlm-SFwh98pJu7k/edit?usp=drivesdk&ouid=104497255580477485161&rtpof=true&sd=true","application/vnd.openxmlformats-officedocument.presentationml.presentation","/Semester 4/22CS430-DATA COMMUNICATION AND NETWORKS/Notes and PPTs/REFERENCE PPTs","2025-09-28 21:06:14",30969976
"Course plan.pdf","1zF9zxAgJUNZbwgKS2LfO9ntO6vWWATOD","https://drive.google.com/file/d/1zF9zxAgJUNZbwgKS2LfO9ntO6vWWATOD/view?usp=drivesdk","application/pdf","/Semester 4/22CS420-DESIGN AND ANALYSIS OF ALGORITHMS/Course Plan","2025-11-12 11:11:43",309878
"Copy of 5. DAA NOTES OF JOSH WEEK 5,6.pdf","15ZabNXgiMdlAoqULRiSFk4l5bmFbyc-n","https://drive.google.com/file/d/15ZabNXgiMdlAoqULRiSFk4l5bmFbyc-n/view?usp=drivesdk","application/pdf","/Semester 4/22CS420-DESIGN AND ANALYSIS OF ALGORITHMS/Notes and PPTs","2025-09-28 20:38:24",11302696
"Copy of DAA joshi notes part 4 cat 2.pdf","1QLRDMxC2enL9vDicma1bp18coPTHlx3Z","https://drive.google.com/file/d/1QLRDMxC2enL9vDicma1bp18coPTHlx3Z/view?usp=drivesdk","application/pdf","/Semester 4/22CS420-DESIGN AND ANALYSIS OF ALGORITHMS/Notes and PPTs","2025-09-28 20:38:24",2697825
"Copy of 2. DAA NOTES OF JOSH WEEK 2.pdf","1ZJpwT9Bu5Dt7z1O6NNB6Q1UaMqSnY_kQ","https://drive.google.com/file/d/1ZJpwT9Bu5Dt7z1O6NNB6Q1UaMqSnY_kQ/view?usp=drivesdk","application/pdf","/Semester 4/22CS420-DESIGN AND ANALYSIS OF ALGORITHMS/Notes and PPTs","2025-09-28 20:38:24",9490282
"Copy of 1. DAA NOTES OF JOSH WEEK 1.pdf","1cKehAZP12B2N2poywLqvQr2n8l8hr_R_","https://drive.google.com/file/d/1cKehAZP12B2N2poywLqvQr2n8l8hr_R_/view?usp=drivesdk","application/pdf","/Semester 4/22CS420-DESIGN AND ANALYSIS OF ALGORITHMS/Notes and PPTs","2025-09-28 20:38:24",10431208
"Copy of DAA JOSH NOTES Cat 2 - part 3.pdf","1d647QVoJebp-G5bNW-c3vO2JIWs33yZz","https://drive.google.com/file/d/1d647QVoJebp-G5bNW-c3vO2JIWs33yZz/view?usp=drivesdk","application/pdf","/Semester 4/22CS420-DESIGN AND ANALYSIS OF ALGORITHMS/Notes and PPTs","2025-09-28 20:38:24",7492626
"Copy of 6. DAA Notes Cat 2 - Part 1 (Joshi).pdf","1efv_YzSIMvnhNkh1rp65Ul4AiEANSDre","https://drive.google.com/file/d/1efv_YzSIMvnhNkh1rp65Ul4AiEANSDre/view?usp=drivesdk","application/pdf","/Semester 4/22CS420-DESIGN AND ANALYSIS OF ALGORITHMS/Notes and PPTs","2025-09-28 20:38:24",27343652
"Copy of 3. DAA NOTES OF JOSH WEEK 3.pdf","1emLMJE6dTCi3X9ZGE_qpXzRv8g0ZDB15","https://drive.google.com/file/d/1emLMJE6dTCi3X9ZGE_qpXzRv8g0ZDB15/view?usp=drivesdk","application/pdf","/Semester 4/22CS420-DESIGN AND ANALYSIS OF ALGORITHMS/Notes and PPTs","2025-09-28 20:38:24",9703335
"Copy of DAA JOSH NOTES CAT 2 - Part 2.pdf","1hFUVWotCqcULiaqKm_6LkZmfCrzaqd7A","https://drive.google.com/file/d/1hFUVWotCqcULiaqKm_6LkZmfCrzaqd7A/view?usp=drivesdk","application/pdf","/Semester 4/22CS420-DESIGN AND ANALYSIS OF ALGORITHMS/Notes and PPTs","2025-09-28 20:38:24",14565492
"Copy of 4. DAA NOTES OF JOSH WEEK 4.pdf","1npHU4h-WqOvulq8gokrjSRrLjyDJkY7E","https://drive.google.com/file/d/1npHU4h-WqOvulq8gokrjSRrLjyDJkY7E/view?usp=drivesdk","application/pdf","/Semester 4/22CS420-DESIGN AND ANALYSIS OF ALGORITHMS/Notes and PPTs","2025-09-28 20:38:24",5526342
"Course Plan.pdf","1anftgvzoUMnkqnZ2iPR3FPkeHePrxife","https://drive.google.com/file/d/1anftgvzoUMnkqnZ2iPR3FPkeHePrxife/view?usp=drivesdk","application/pdf","/Semester 4/22CS440-DATABASE MANAGEMENT SYSTEM/Course Plan","2025-09-28 21:20:07",718123
"Copy of Relational Languages - Algebra.pdf","1Fta9_vvWp_LQmvPwDtsXM18Rbk0spknr","https://drive.google.com/file/d/1Fta9_vvWp_LQmvPwDtsXM18Rbk0spknr/view?usp=drivesdk","application/pdf","/Semester 4/22CS440-DATABASE MANAGEMENT SYSTEM/Notes and PPTs","2025-09-28 21:14:02",965226
"Copy of SQL-DML-INSERT and DCL.pdf","1GAdSuplv7l2915OLcjPOJyTyJsXXcF1v","https://drive.google.com/file/d/1GAdSuplv7l2915OLcjPOJyTyJsXXcF1v/view?usp=drivesdk","application/pdf","/Semester 4/22CS440-DATABASE MANAGEMENT SYSTEM/Notes and PPTs","2025-09-28 21:14:02",221106
"Copy of Introduction-ER Model.pdf","1I3vkxXcMTUxbkbOkquRxG_b2gcnGOIUx","https://drive.google.com/file/d/1I3vkxXcMTUxbkbOkquRxG_b2gcnGOIUx/view?usp=drivesdk","application/pdf","/Semester 4/22CS440-DATABASE MANAGEMENT SYSTEM/Notes and PPTs","2025-09-28 21:14:02",445828
"Copy of Transaction Problems, Cat 2 - DBMS (Joshi).pdf","1PoBm2DssDi9TwdchPFYMascAYEUe_gec","https://drive.google.com/file/d/1PoBm2DssDi9TwdchPFYMascAYEUe_gec/view?usp=drivesdk","application/pdf","/Semester 4/22CS440-DATABASE MANAGEMENT SYSTEM/Notes and PPTs","2025-09-28 21:14:02",3256334
"Copy of Tutorial on Relational Algebra.pptx.pdf","1StfZR8DQIQ37MfIwbPQehyrrGs6is4-j","https://drive.google.com/file/d/1StfZR8DQIQ37MfIwbPQehyrrGs6is4-j/view?usp=drivesdk","application/pdf","/Semester 4/22CS440-DATABASE MANAGEMENT SYSTEM/Notes and PPTs","2025-09-28 21:14:02",149775
"Copy of Mapping-ER to Relational Model.pptx.pdf","1b6f-nbJ4b0JNnBZqBIiTTSKQF9ajN2Gk","https://drive.google.com/file/d/1b6f-nbJ4b0JNnBZqBIiTTSKQF9ajN2Gk/view?usp=drivesdk","application/pdf","/Semester 4/22CS440-DATABASE MANAGEMENT SYSTEM/Notes and PPTs","2025-09-28 21:14:02",376753
"Copy of SQL- DML - SELECT.pdf","1gvimN2U68VE1wOwAjiu0tPeAIQwT7lTY","https://drive.google.com/file/d/1gvimN2U68VE1wOwAjiu0tPeAIQwT7lTY/view?usp=drivesdk","application/pdf","/Semester 4/22CS440-DATABASE MANAGEMENT SYSTEM/Notes and PPTs","2025-09-28 21:14:02",449036
"Copy of SQL-DDL.pdf","1phP6p9ZaqDe6EQhf5y3vGULAYLD1Xl-l","https://drive.google.com/file/d/1phP6p9ZaqDe6EQhf5y3vGULAYLD1Xl-l/view?usp=drivesdk","application/pdf","/Semester 4/22CS440-DATABASE MANAGEMENT SYSTEM/Notes and PPTs","2025-09-28 21:14:02",200545
"Copy of btrees.pdf","1Xqg0e4cL8QO0e7lgVuu7MFC8tOLD1SvA","https://drive.google.com/file/d/1Xqg0e4cL8QO0e7lgVuu7MFC8tOLD1SvA/view?usp=drivesdk","application/pdf","/Semester 4/22CS440-DATABASE MANAGEMENT SYSTEM/Notes and PPTs/PPTs/CAT1","2025-09-28 21:18:18",1006060
"Copy of 17_B-Trees-091-Part2-1.ppt.pdf","1d5ZmZh6I-qDVnwpO1lj0_jY8Dvsatirt","https://drive.google.com/file/d/1d5ZmZh6I-qDVnwpO1lj0_jY8Dvsatirt/view?usp=drivesdk","application/pdf","/Semester 4/22CS440-DATABASE MANAGEMENT SYSTEM/Notes and PPTs/PPTs/CAT1","2025-09-28 21:18:18",846816
"Copy of 16_B-Trees-091-Part1.ppt.pdf","1xSUqZCGv0P8WXPSzliYPih1cFlgCi_vj","https://drive.google.com/file/d/1xSUqZCGv0P8WXPSzliYPih1cFlgCi_vj/view?usp=drivesdk","application/pdf","/Semester 4/22CS440-DATABASE MANAGEMENT SYSTEM/Notes and PPTs/PPTs/CAT1","2025-09-28 21:18:18",455603
"Copy of ch14(Query optimization).ppt.pdf","1KAbs5Qxjl2qh18C1SPiWiUfKYI-sf_-x","https://drive.google.com/file/d/1KAbs5Qxjl2qh18C1SPiWiUfKYI-sf_-x/view?usp=drivesdk","application/pdf","/Semester 4/22CS440-DATABASE MANAGEMENT SYSTEM/Notes and PPTs/PPTs/CAT1","2025-09-28 21:18:04",1230484
"Copy of ch13(Query processing).ppt.pdf","1Wo-b_GiAOtAiUxSYuLOPK0llM6MidMwL","https://drive.google.com/file/d/1Wo-b_GiAOtAiUxSYuLOPK0llM6MidMwL/view?usp=drivesdk","application/pdf","/Semester 4/22CS440-DATABASE MANAGEMENT SYSTEM/Notes and PPTs/PPTs/CAT1","2025-09-28 21:18:04",767099
"Copy of ch12(indexing and hashing).ppt.pdf","1ZFznPYN8d9-HchwTaaXHKgZ5EAqnECWg","https://drive.google.com/file/d/1ZFznPYN8d9-HchwTaaXHKgZ5EAqnECWg/view?usp=drivesdk","application/pdf","/Semester 4/22CS440-DATABASE MANAGEMENT SYSTEM/Notes and PPTs/PPTs/CAT1","2025-09-28 21:18:04",2943950
"Copy of ch15(Transactions).ppt.pdf","1bvK29XjJhsFt7HUUjGXMb-w6ixdzOFQR","https://drive.google.com/file/d/1bvK29XjJhsFt7HUUjGXMb-w6ixdzOFQR/view?usp=drivesdk","application/pdf","/Semester 4/22CS440-DATABASE MANAGEMENT SYSTEM/Notes and PPTs/PPTs/CAT1","2025-09-28 21:18:04",1385356
"Copy of ch17(Recovery System).ppt.pdf","1hDXcq1ufRGmb3j6EJXwzTUc2G6sNOyMO","https://drive.google.com/file/d/1hDXcq1ufRGmb3j6EJXwzTUc2G6sNOyMO/view?usp=drivesdk","application/pdf","/Semester 4/22CS440-DATABASE MANAGEMENT SYSTEM/Notes and PPTs/PPTs/CAT1","2025-09-28 21:18:04",1032011
"Copy of ch16(Concurrency Control).ppt.pdf","1vpsNLWbSfeJsB7JjYGMFCvog08g_eOM5","https://drive.google.com/file/d/1vpsNLWbSfeJsB7JjYGMFCvog08g_eOM5/view?usp=drivesdk","application/pdf","/Semester 4/22CS440-DATABASE MANAGEMENT SYSTEM/Notes and PPTs/PPTs/CAT1","2025-09-28 21:18:04",1632842
"Copy of ch10(Storage and File Structures).ppt.pdf","1xv8aLh1laWvkM5HiLCe-S_C96tp-aIcL","https://drive.google.com/file/d/1xv8aLh1laWvkM5HiLCe-S_C96tp-aIcL/view?usp=drivesdk","application/pdf","/Semester 4/22CS440-DATABASE MANAGEMENT SYSTEM/Notes and PPTs/PPTs/CAT1","2025-09-28 21:18:04",2404507
"Copy of relational model.pdf","10eG-mAXDNI7W1Xzw9ifMb61jm3l-iLfz","https://drive.google.com/file/d/10eG-mAXDNI7W1Xzw9ifMb61jm3l-iLfz/view?usp=drivesdk","application/pdf","/Semester 4/22CS440-DATABASE MANAGEMENT SYSTEM/Notes and PPTs/REFERENCE NOTES","2025-09-28 21:15:11",2853605
"Copy of realational db.pdf","13jFY7bjnXmZ3tA6Qd84tCV8aUjFf4P9j","https://drive.google.com/file/d/13jFY7bjnXmZ3tA6Qd84tCV8aUjFf4P9j/view?usp=drivesdk","application/pdf","/Semester 4/22CS440-DATABASE MANAGEMENT SYSTEM/Notes and PPTs/REFERENCE NOTES","2025-09-28 21:15:11",1113697
"Copy of simple queries.pdf","1ASP-xD4OZOI_mhOKYv7UpW-tdPWAHIRv","https://drive.google.com/file/d/1ASP-xD4OZOI_mhOKYv7UpW-tdPWAHIRv/view?usp=drivesdk","application/pdf","/Semester 4/22CS440-DATABASE MANAGEMENT SYSTEM/Notes and PPTs/REFERENCE NOTES","2025-09-28 21:15:11",103456
"Copy of plsql2.pdf","1AUrpcfcEScdO93TtIWRNCaey1FyZJfuc","https://drive.google.com/file/d/1AUrpcfcEScdO93TtIWRNCaey1FyZJfuc/view?usp=drivesdk","application/pdf","/Semester 4/22CS440-DATABASE MANAGEMENT SYSTEM/Notes and PPTs/REFERENCE NOTES","2025-09-28 21:15:11",281289
"Copy of plsql tutorial.pdf","1Aqo_zbp45Z3PJjXmdL6XX1f5QPCJrrPh","https://drive.google.com/file/d/1Aqo_zbp45Z3PJjXmdL6XX1f5QPCJrrPh/view?usp=drivesdk","application/pdf","/Semester 4/22CS440-DATABASE MANAGEMENT SYSTEM/Notes and PPTs/REFERENCE NOTES","2025-09-28 21:15:11",281289
"Copy of plsql_oracle.pdf","1DNY-yNGB9tfRxN54z6AGXhXE-kePrRfA","https://drive.google.com/file/d/1DNY-yNGB9tfRxN54z6AGXhXE-kePrRfA/view?usp=drivesdk","application/pdf","/Semester 4/22CS440-DATABASE MANAGEMENT SYSTEM/Notes and PPTs/REFERENCE NOTES","2025-09-28 21:15:11",4313914
"Copy of trigger.pdf","1PILkcAi6I2jeLHtljWldSuy2goHn-ZUX","https://drive.google.com/file/d/1PILkcAi6I2jeLHtljWldSuy2goHn-ZUX/view?usp=drivesdk","application/pdf","/Semester 4/22CS440-DATABASE MANAGEMENT SYSTEM/Notes and PPTs/REFERENCE NOTES","2025-09-28 21:15:11",377437
"Copy of sql intemedaite.pdf","1Z-vV7RWvt4KjtQIGypKRIQ9HCjVRSxwR","https://drive.google.com/file/d/1Z-vV7RWvt4KjtQIGypKRIQ9HCjVRSxwR/view?usp=drivesdk","application/pdf","/Semester 4/22CS440-DATABASE MANAGEMENT SYSTEM/Notes and PPTs/REFERENCE NOTES","2025-09-28 21:15:11",5043467
"Copy of sql_select.pdf","1ZdlpYk73rfxm8noOOlBDpNJl3xAWwkKf","https://drive.google.com/file/d/1ZdlpYk73rfxm8noOOlBDpNJl3xAWwkKf/view?usp=drivesdk","application/pdf","/Semester 4/22CS440-DATABASE MANAGEMENT SYSTEM/Notes and PPTs/REFERENCE NOTES","2025-09-28 21:15:11",449036
"Copy of plsql.pdf","1m0or2MLYo9qFPklVBQfX9ddKKM2RIykl","https://drive.google.com/file/d/1m0or2MLYo9qFPklVBQfX9ddKKM2RIykl/view?usp=drivesdk","application/pdf","/Semester 4/22CS440-DATABASE MANAGEMENT SYSTEM/Notes and PPTs/REFERENCE NOTES","2025-09-28 21:15:11",377437
"Copy of db.pdf","1077pMpa4eDhUKOPA8xzhfm9mBEicf1ys","https://drive.google.com/file/d/1077pMpa4eDhUKOPA8xzhfm9mBEicf1ys/view?usp=drivesdk","application/pdf","/Semester 4/22CS440-DATABASE MANAGEMENT SYSTEM/Notes and PPTs/REFERENCE NOTES","2025-09-28 21:15:06",1551931
"Copy of complex queries_pracrice.pdf","14CX5oBX2GC8g3zI5oOAooq4y3WnB-5HO","https://drive.google.com/file/d/14CX5oBX2GC8g3zI5oOAooq4y3WnB-5HO/view?usp=drivesdk","application/pdf","/Semester 4/22CS440-DATABASE MANAGEMENT SYSTEM/Notes and PPTs/REFERENCE NOTES","2025-09-28 21:15:06",203613
"Copy of db objects.pdf","1AfP_NcBBhhiKCVXxgod9qW4nNr9sUJf7","https://drive.google.com/file/d/1AfP_NcBBhhiKCVXxgod9qW4nNr9sUJf7/view?usp=drivesdk","application/pdf","/Semester 4/22CS440-DATABASE MANAGEMENT SYSTEM/Notes and PPTs/REFERENCE NOTES","2025-09-28 21:15:06",319409
"Copy of normalisation.pdf","1GkLWwEJb-ityc3gWfwXgR2aLAax8tFoc","https://drive.google.com/file/d/1GkLWwEJb-ityc3gWfwXgR2aLAax8tFoc/view?usp=drivesdk","application/pdf","/Semester 4/22CS440-DATABASE MANAGEMENT SYSTEM/Notes and PPTs/REFERENCE NOTES","2025-09-28 21:15:06",1271690
"Copy of er diag.pdf","1TrBk7Ap0f3_Nb8WJREdEJBdP9ACWYMtA","https://drive.google.com/file/d/1TrBk7Ap0f3_Nb8WJREdEJBdP9ACWYMtA/view?usp=drivesdk","application/pdf","/Semester 4/22CS440-DATABASE MANAGEMENT SYSTEM/Notes and PPTs/REFERENCE NOTES","2025-09-28 21:15:06",7118596
"Copy of dbobj.pdf","1_Orglou1QqfjK2LGc2iFLtnr8E47CLiy","https://drive.google.com/file/d/1_Orglou1QqfjK2LGc2iFLtnr8E47CLiy/view?usp=drivesdk","application/pdf","/Semester 4/22CS440-DATABASE MANAGEMENT SYSTEM/Notes and PPTs/REFERENCE NOTES","2025-09-28 21:15:06",378833
"Copy of ch3_sql_ppt.pdf","1bYYMm6jYA_w6SlrCSMcwNzavTlYHZcLx","https://drive.google.com/file/d/1bYYMm6jYA_w6SlrCSMcwNzavTlYHZcLx/view?usp=drivesdk","application/pdf","/Semester 4/22CS440-DATABASE MANAGEMENT SYSTEM/Notes and PPTs/REFERENCE NOTES","2025-09-28 21:15:06",3082241
"Copy of complex queries.pdf","1gTyc3F9s0CjnQco0I02R-ckiMD0GDBp0","https://drive.google.com/file/d/1gTyc3F9s0CjnQco0I02R-ckiMD0GDBp0/view?usp=drivesdk","application/pdf","/Semester 4/22CS440-DATABASE MANAGEMENT SYSTEM/Notes and PPTs/REFERENCE NOTES","2025-09-28 21:15:06",61993
"Copy of insert dcl.pdf","1j6Vuwi1YAh_BOmJNp0WXU93zdwfH_s_M","https://drive.google.com/file/d/1j6Vuwi1YAh_BOmJNp0WXU93zdwfH_s_M/view?usp=drivesdk","application/pdf","/Semester 4/22CS440-DATABASE MANAGEMENT SYSTEM/Notes and PPTs/REFERENCE NOTES","2025-09-28 21:15:06",221106
"Copy of ddl.pdf","1qqJ73ud96BwCxSSyck2pyHZ7Z_reuqeq","https://drive.google.com/file/d/1qqJ73ud96BwCxSSyck2pyHZ7Z_reuqeq/view?usp=drivesdk","application/pdf","/Semester 4/22CS440-DATABASE MANAGEMENT SYSTEM/Notes and PPTs/REFERENCE NOTES","2025-09-28 21:15:06",200545
"Course Plan.pdf","1hfCZjczRTt4zBtwtY_1hvGBcJ9JsQDQR","https://drive.google.com/file/d/1hfCZjczRTt4zBtwtY_1hvGBcJ9JsQDQR/view?usp=drivesdk","application/pdf","/Semester 4/22CS410-DISCRETE MATHEMATICS/Course Plan","2025-09-28 20:28:01",854919
" ASSN1.pdf","1Gw17aidDdpcvHFa9mKnDmwHvLYUsrK5M","https://drive.google.com/file/d/1Gw17aidDdpcvHFa9mKnDmwHvLYUsrK5M/view?usp=drivesdk","application/pdf","/Semester 4/22CS410-DISCRETE MATHEMATICS/Question Papers","2025-09-28 20:26:45",187339
"Copy of Unit-4 RECURSION.pdf","1WDTyzfCR3afbc4cqEtatn1x9xiEl8oXr","https://drive.google.com/file/d/1WDTyzfCR3afbc4cqEtatn1x9xiEl8oXr/view?usp=drivesdk","application/pdf","/Semester 4/22CS410-DISCRETE MATHEMATICS/Notes and PPTs","2025-09-28 20:28:37",2213630
"Copy of Maths notes Cat 2 - Joshi.pdf","19btl8FwIlAlPyHf3bZ66_Wa8YjOTumuY","https://drive.google.com/file/d/19btl8FwIlAlPyHf3bZ66_Wa8YjOTumuY/view?usp=drivesdk","application/pdf","/Semester 4/22CS410-DISCRETE MATHEMATICS/Notes and PPTs","2025-09-28 20:24:00",15205823
"Copy of MATHS CW OF JOSH.pdf","1FsUTe--PoQwbeD2dTz5EgNj9W3K2YeK5","https://drive.google.com/file/d/1FsUTe--PoQwbeD2dTz5EgNj9W3K2YeK5/view?usp=drivesdk","application/pdf","/Semester 4/22CS410-DISCRETE MATHEMATICS/Notes and PPTs","2025-09-28 20:24:00",6527852
"Copy of Maths hw chap 9,2.pdf","1RVWllZywJt6tL1_HFXu8tKaL-XIkFu_L","https://drive.google.com/file/d/1RVWllZywJt6tL1_HFXu8tKaL-XIkFu_L/view?usp=drivesdk","application/pdf","/Semester 4/22CS410-DISCRETE MATHEMATICS/Notes and PPTs","2025-09-28 20:24:00",13239463
"Copy of 21-2-25 CSE A Math Class Notes.pdf","1VmTn2LF1Xf2JPWJ5UkcKrI8R-n7dJm9a","https://drive.google.com/file/d/1VmTn2LF1Xf2JPWJ5UkcKrI8R-n7dJm9a/view?usp=drivesdk","application/pdf","/Semester 4/22CS410-DISCRETE MATHEMATICS/Notes and PPTs","2025-09-28 20:24:00",825475
"Copy of JOSH MATH NOTES 2.pdf","1iXDBzq0hlygGwFs_Kv9WReFhbSLfcmPU","https://drive.google.com/file/d/1iXDBzq0hlygGwFs_Kv9WReFhbSLfcmPU/view?usp=drivesdk","application/pdf","/Semester 4/22CS410-DISCRETE MATHEMATICS/Notes and PPTs","2025-09-28 20:24:00",3568904
"Copy of Kenneth_Rosen_Solution_Even.pdf","11il-UGHRxZoufGaCafTdiEC32MPjbydA","https://drive.google.com/file/d/11il-UGHRxZoufGaCafTdiEC32MPjbydA/view?usp=drivesdk","application/pdf","/Semester 4/22CS410-DISCRETE MATHEMATICS/Books","2025-09-28 20:29:19",4884454
"Copy of sol_dmaia_rosen.pdf","1RGC6wlNwloe0rjwvqzDtEI9lHM-id3Be","https://drive.google.com/file/d/1RGC6wlNwloe0rjwvqzDtEI9lHM-id3Be/view?usp=drivesdk","application/pdf","/Semester 4/22CS410-DISCRETE MATHEMATICS/Books","2025-09-28 20:29:19",30723741
"Copy of 22CS410 (1).pdf","1LaF8WCTy_Ljw2zoS3gkmtlNwQjNtUorC","https://drive.google.com/file/d/1LaF8WCTy_Ljw2zoS3gkmtlNwQjNtUorC/view?usp=drivesdk","application/pdf","/Semester 4/22CS410-DISCRETE MATHEMATICS/Books","2025-09-28 20:22:55",54899889
"Copy of Kenneth Rosen - Discrete Mathematics and Its Applications (2018, McGraw Hill) - libgen.li.pdf","1bgPt1CLA32fd-wDD9akyet78CsF7mlHA","https://drive.google.com/file/d/1bgPt1CLA32fd-wDD9akyet78CsF7mlHA/view?usp=drivesdk","application/pdf","/Semester 4/22CS410-DISCRETE MATHEMATICS/Books","2025-09-28 20:22:55",36705376
"Copy of Discrete Mathematics and Its Applications [7th Edition] - Kenneth H. Rosen Students Solutions Guidel.pdf","1s9vG2s0c2KuH55FtVYZcsR7Nc9MnbLAi","https://drive.google.com/file/d/1s9vG2s0c2KuH55FtVYZcsR7Nc9MnbLAi/view?usp=drivesdk","application/pdf","/Semester 4/22CS410-DISCRETE MATHEMATICS/Books","2025-09-28 20:22:55",30713766
"Course Plan.pdf","1AI9jdbgx2AQTv7k_6kzoHsE2mY11JEk7","https://drive.google.com/file/d/1AI9jdbgx2AQTv7k_6kzoHsE2mY11JEk7/view?usp=drivesdk","application/pdf","/Semester 4/22CS490-PROJECT MANAGEMENT","2025-11-12 11:18:33",390791
"Module 5- Type Checking.ppt","1pV6wCmhaA3QlDXDH-n1QNuPqncPSYQY9","https://docs.google.com/presentation/d/1pV6wCmhaA3QlDXDH-n1QNuPqncPSYQY9/edit?usp=drivesdk&ouid=104497255580477485161&rtpof=true&sd=true","application/vnd.ms-powerpoint","/Semester 6/22CS630-COMPILER DESIGN/Notes and PPTs/PPTS","2025-09-26 18:23:41",623616
"Code Generations.ppt","1qDY2pQfT9vhHCvlje_V63pDpoveP2dcn","https://docs.google.com/presentation/d/1qDY2pQfT9vhHCvlje_V63pDpoveP2dcn/edit?usp=drivesdk&ouid=104497255580477485161&rtpof=true&sd=true","application/vnd.ms-powerpoint","/Semester 6/22CS630-COMPILER DESIGN/Notes and PPTs/PPTS","2025-09-26 18:23:28",1089024
"Intermediate Code Generation.ppt","1Z9DpNScaXCVjSImDVzyFMfpo0x_n1Bez","https://docs.google.com/presentation/d/1Z9DpNScaXCVjSImDVzyFMfpo0x_n1Bez/edit?usp=drivesdk&ouid=104497255580477485161&rtpof=true&sd=true","application/vnd.ms-powerpoint","/Semester 6/22CS630-COMPILER DESIGN/Notes and PPTs/PPTS","2025-09-26 18:23:28",1325056
"Syntax Directed Definition.pdf","1nNXNjEWUENAWLJxfo7Jt3Im294OqUoI8","https://drive.google.com/file/d/1nNXNjEWUENAWLJxfo7Jt3Im294OqUoI8/view?usp=drivesdk","application/pdf","/Semester 6/22CS630-COMPILER DESIGN/Notes and PPTs/MATERIALS","2025-09-26 18:23:47",932635
" slr.pdf","1bg_oY_bWRe3bfJqkIsXyMhAHdOU5PL8y","https://drive.google.com/file/d/1bg_oY_bWRe3bfJqkIsXyMhAHdOU5PL8y/view?usp=drivesdk","application/pdf","/Semester 6/22CS630-COMPILER DESIGN/Notes and PPTs/MATERIALS","2025-09-26 18:23:47",888674
"SemanticAnalysis.pdf","18eAR-PLRxhz8C-ujzUsCymvGr_9PSxYY","https://drive.google.com/file/d/18eAR-PLRxhz8C-ujzUsCymvGr_9PSxYY/view?usp=drivesdk","application/pdf","/Semester 6/22CS630-COMPILER DESIGN/Notes and PPTs/MATERIALS","2025-09-26 18:23:41",690265
"lalr parsing .pdf","1PPi49MSeSz1O4W_fZ5vozRDUqnTbFOeG","https://drive.google.com/file/d/1PPi49MSeSz1O4W_fZ5vozRDUqnTbFOeG/view?usp=drivesdk","application/pdf","/Semester 6/22CS630-COMPILER DESIGN/Notes and PPTs/MATERIALS","2025-09-26 18:23:41",565347
"Course Plan- Compilers 2024-25 .pdf","1_iJtMAHP4PlsOIVAOqmpCmTqHokaUqoh","https://drive.google.com/file/d/1_iJtMAHP4PlsOIVAOqmpCmTqHokaUqoh/view?usp=drivesdk","application/pdf","/Semester 6/22CS630-COMPILER DESIGN/Notes and PPTs/MATERIALS","2025-09-26 18:23:33",647939
"Complier_Notes_Up.pdf","1PjWkNDKJHrcpImZ8JZkGm9482rrWX2k3","https://drive.google.com/file/d/1PjWkNDKJHrcpImZ8JZkGm9482rrWX2k3/view?usp=drivesdk","application/pdf","/Semester 6/22CS630-COMPILER DESIGN/Notes and PPTs/MATERIALS","2025-09-26 18:23:33",9389916
" Compilers 2.pdf","1edA9DdNsPUurrrrwRLSzyxISvDQqJXP3","https://drive.google.com/file/d/1edA9DdNsPUurrrrwRLSzyxISvDQqJXP3/view?usp=drivesdk","application/pdf","/Semester 6/22CS630-COMPILER DESIGN/Notes and PPTs/MATERIALS","2025-09-26 18:23:33",3479535
"Compilers 1.pdf","1F5k_cxw_yNOTB_kFyeHPRepi4WEOZ3LR","https://drive.google.com/file/d/1F5k_cxw_yNOTB_kFyeHPRepi4WEOZ3LR/view?usp=drivesdk","application/pdf","/Semester 6/22CS630-COMPILER DESIGN/Notes and PPTs/MATERIALS","2025-09-26 18:23:33",6322527
" Comp2.pdf","1tED_nW5hgVngSH7smR5Y0TrXtnyOm8TF","https://drive.google.com/file/d/1tED_nW5hgVngSH7smR5Y0TrXtnyOm8TF/view?usp=drivesdk","application/pdf","/Semester 6/22CS630-COMPILER DESIGN/Notes and PPTs/MATERIALS","2025-09-26 18:23:33",3666162
"Comp1.pdf","16_xIF9AkjvIhhptEc_eWthYO9EZ6PcqF","https://drive.google.com/file/d/16_xIF9AkjvIhhptEc_eWthYO9EZ6PcqF/view?usp=drivesdk","application/pdf","/Semester 6/22CS630-COMPILER DESIGN/Notes and PPTs/MATERIALS","2025-09-26 18:23:33",5536834
" code-generation.pdf","1oUurFyPrPqsJWoS53Qw0wx-YoKD772YR","https://drive.google.com/file/d/1oUurFyPrPqsJWoS53Qw0wx-YoKD772YR/view?usp=drivesdk","application/pdf","/Semester 6/22CS630-COMPILER DESIGN/Notes and PPTs/MATERIALS","2025-09-26 18:23:33",456369
"code gen.pdf","1rD7z0mIA5xAXH13kpmcYnwzi2dGNt7fH","https://drive.google.com/file/d/1rD7z0mIA5xAXH13kpmcYnwzi2dGNt7fH/view?usp=drivesdk","application/pdf","/Semester 6/22CS630-COMPILER DESIGN/Notes and PPTs/MATERIALS","2025-09-26 18:23:28",2894999
"code gen & cost.pdf","1WNdwvjay1MQ-SRKj4DTCDxGlvwhJFkT7","https://drive.google.com/file/d/1WNdwvjay1MQ-SRKj4DTCDxGlvwhJFkT7/view?usp=drivesdk","application/pdf","/Semester 6/22CS630-COMPILER DESIGN/Notes and PPTs/MATERIALS","2025-09-26 18:23:28",2391173
" clr parsing.pdf","1NCfqISMuk8WphpTX5xsFtiajENy4Fwae","https://drive.google.com/file/d/1NCfqISMuk8WphpTX5xsFtiajENy4Fwae/view?usp=drivesdk","application/pdf","/Semester 6/22CS630-COMPILER DESIGN/Notes and PPTs/MATERIALS","2025-09-26 18:23:28",1347742
"CLR LALR.pdf","10DubmmJv6Nww6iMgZ-roH46ecJGtdEgY","https://drive.google.com/file/d/10DubmmJv6Nww6iMgZ-roH46ecJGtdEgY/view?usp=drivesdk","application/pdf","/Semester 6/22CS630-COMPILER DESIGN/Notes and PPTs/MATERIALS","2025-09-26 18:23:28",13087176
" cat2_2.jpg","1nMQ9QO0pFhAqgGIxSDuaWAHgn7KkW3Yq","https://drive.google.com/file/d/1nMQ9QO0pFhAqgGIxSDuaWAHgn7KkW3Yq/view?usp=drivesdk","image/jpeg","/Semester 6/22CS630-COMPILER DESIGN/Question Papers","2025-09-26 18:23:28",75102
"cat2_1.jpg","1OszsTvMf0diRxpc99iSkKOQ2KY2SVYmt","https://drive.google.com/file/d/1OszsTvMf0diRxpc99iSkKOQ2KY2SVYmt/view?usp=drivesdk","image/jpeg","/Semester 6/22CS630-COMPILER DESIGN/Question Papers","2025-09-26 18:23:28",65970
"SDES.pdf","1EpoOb51IYKM58h_4Q-pPtJG3H1mFfhNB","https://drive.google.com/file/d/1EpoOb51IYKM58h_4Q-pPtJG3H1mFfhNB/view?usp=drivesdk","application/pdf","/Semester 6/22CS610-CRYPTOGRAPHY AND NETWORK SECURITY/Notes and PPTs/MATERAILS","2025-09-26 18:12:14",137354
"Notes.pdf","1rdey70TRpq68EFDZCfXuJ_KowH_aejub","https://drive.google.com/file/d/1rdey70TRpq68EFDZCfXuJ_KowH_aejub/view?usp=drivesdk","application/pdf","/Semester 6/22CS610-CRYPTOGRAPHY AND NETWORK SECURITY/Notes and PPTs/MATERAILS","2025-09-26 18:11:40",2962463
"IP security.pdf","1wfx7ulYgfQXnP1qafvepiVtMwqpNP5Ij","https://drive.google.com/file/d/1wfx7ulYgfQXnP1qafvepiVtMwqpNP5Ij/view?usp=drivesdk","application/pdf","/Semester 6/22CS610-CRYPTOGRAPHY AND NETWORK SECURITY/Notes and PPTs/MATERAILS","2025-09-26 18:10:09",1272740
" crypto final.pdf","179srh7PPLEBY6YmmS7nBsLGEENqSmtN7","https://drive.google.com/file/d/179srh7PPLEBY6YmmS7nBsLGEENqSmtN7/view?usp=drivesdk","application/pdf","/Semester 6/22CS610-CRYPTOGRAPHY AND NETWORK SECURITY/Notes and PPTs/MATERAILS","2025-09-26 18:07:02",464574
"Web security 2.pptx","10_IL5AX6AjUc5OGnjpfYc9YA9Uk-Bfnd","https://docs.google.com/presentation/d/10_IL5AX6AjUc5OGnjpfYc9YA9Uk-Bfnd/edit?usp=drivesdk&ouid=104497255580477485161&rtpof=true&sd=true","application/vnd.openxmlformats-officedocument.presentationml.presentation","/Semester 6/22CS610-CRYPTOGRAPHY AND NETWORK SECURITY/Notes and PPTs/MATERAILS","2025-09-26 18:05:54",4421487
"FINAL EXAMPLE REPORT","1PW1YaXhh1D2BLvWBJB2vShjM2ozRePlR","https://drive.google.com/file/d/1PW1YaXhh1D2BLvWBJB2vShjM2ozRePlR/view?usp=drivesdk","application/pdf","/Semester 6/22CS610-CRYPTOGRAPHY AND NETWORK SECURITY/Notes and PPTs/MATERAILS","2025-09-26 18:04:36",464574
"MAC.pptx","1Z-3MI_rwE1S5nOozgWg4A9_uhbjfr6AM","https://docs.google.com/presentation/d/1Z-3MI_rwE1S5nOozgWg4A9_uhbjfr6AM/edit?usp=drivesdk&ouid=104497255580477485161&rtpof=true&sd=true","application/vnd.openxmlformats-officedocument.presentationml.presentation","/Semester 6/22CS610-CRYPTOGRAPHY AND NETWORK SECURITY/Notes and PPTs/PPTS","2025-09-26 18:09:36",819683
"DES.pptx","13yBKRd6bgoUBkEbb5WJXUorUISBVyWqf","https://docs.google.com/presentation/d/13yBKRd6bgoUBkEbb5WJXUorUISBVyWqf/edit?usp=drivesdk&ouid=104497255580477485161&rtpof=true&sd=true","application/vnd.openxmlformats-officedocument.presentationml.presentation","/Semester 6/22CS610-CRYPTOGRAPHY AND NETWORK SECURITY/Notes and PPTs/PPTS","2025-09-26 18:11:00",3099084
"Authentication Applications.ppt","16gqtWOq-3qEQDhYl0qvpuKgZd_5e8C1n","https://docs.google.com/presentation/d/16gqtWOq-3qEQDhYl0qvpuKgZd_5e8C1n/edit?usp=drivesdk&ouid=104497255580477485161&rtpof=true&sd=true","application/vnd.ms-powerpoint","/Semester 6/22CS610-CRYPTOGRAPHY AND NETWORK SECURITY/Notes and PPTs/PPTS","2025-09-26 18:08:06",643584
"AES.pptx","1WvZC9lIjYxgImfWyTnxCX49jUECoaJjq","https://docs.google.com/presentation/d/1WvZC9lIjYxgImfWyTnxCX49jUECoaJjq/edit?usp=drivesdk&ouid=104497255580477485161&rtpof=true&sd=true","application/vnd.openxmlformats-officedocument.presentationml.presentation","/Semester 6/22CS610-CRYPTOGRAPHY AND NETWORK SECURITY/Notes and PPTs/PPTS","2025-09-26 18:08:42",6610791
"Copy of modes of operation (1).ppt","1D5ba0qU-AFn7nxiHLfQBNI_2X8b2m5Ic","https://docs.google.com/presentation/d/1D5ba0qU-AFn7nxiHLfQBNI_2X8b2m5Ic/edit?usp=drivesdk&ouid=104497255580477485161&rtpof=true&sd=true","application/vnd.ms-powerpoint","/Semester 6/22CS610-CRYPTOGRAPHY AND NETWORK SECURITY/Notes and PPTs/PPTS","2025-09-26 18:09:36",2043904
"COURSEPLAN","1gekdoNQssSzJCNtdFsu4nxu-MKPn-buX","https://docs.google.com/document/d/1gekdoNQssSzJCNtdFsu4nxu-MKPn-buX/edit?usp=drivesdk&ouid=104497255580477485161&rtpof=true&sd=true","application/msword","/Semester 6/22CS610-CRYPTOGRAPHY AND NETWORK SECURITY/Course Plan","2025-09-26 18:02:39",90624
"Network_File_System_Presentation_Draft_2.pptx","10z9mT_Iob1ti5qZJutQ8oSjF_P2XUVAP","https://docs.google.com/presentation/d/10z9mT_Iob1ti5qZJutQ8oSjF_P2XUVAP/edit?usp=drivesdk&ouid=104497255580477485161&rtpof=true&sd=true","application/vnd.openxmlformats-officedocument.presentationml.presentation","/Semester 6/22CS620-DISTRIBUTED COMPUTING/Notes and PPTs/PPTS","2025-09-26 18:16:37",260770
" Module 5 DFS Part 1.pptx","1DvJPzUQGprqhOieMEhGpWrT52G0vPjgt","https://docs.google.com/presentation/d/1DvJPzUQGprqhOieMEhGpWrT52G0vPjgt/edit?usp=drivesdk&ouid=104497255580477485161&rtpof=true&sd=true","application/vnd.openxmlformats-officedocument.presentationml.presentation","/Semester 6/22CS620-DISTRIBUTED COMPUTING/Notes and PPTs/PPTS","2025-09-26 18:16:33",500712
"Module 5.1-DFS Part 2.pptx","1wC2_a2sKowpp_ZVPlVoCyG-7k_4c_WPd","https://docs.google.com/presentation/d/1wC2_a2sKowpp_ZVPlVoCyG-7k_4c_WPd/edit?usp=drivesdk&ouid=104497255580477485161&rtpof=true&sd=true","application/vnd.openxmlformats-officedocument.presentationml.presentation","/Semester 6/22CS620-DISTRIBUTED COMPUTING/Notes and PPTs/PPTS","2025-09-26 18:16:33",4082818
"Module 4.2 Checkpointing and Recovery -Final.pptx","1GSqf4HqwxzO95xNDT0WUzXLhVJDLyowb","https://docs.google.com/presentation/d/1GSqf4HqwxzO95xNDT0WUzXLhVJDLyowb/edit?usp=drivesdk&ouid=104497255580477485161&rtpof=true&sd=true","application/vnd.openxmlformats-officedocument.presentationml.presentation","/Semester 6/22CS620-DISTRIBUTED COMPUTING/Notes and PPTs/PPTS","2025-09-26 18:16:33",2786392
"Module 4-Distributed Transaction v1.pptx.ppt","195y-Vi56Sn7ZI_oazqd7f-IIH3pK2Mv9","https://docs.google.com/presentation/d/195y-Vi56Sn7ZI_oazqd7f-IIH3pK2Mv9/edit?usp=drivesdk&ouid=104497255580477485161&rtpof=true&sd=true","application/vnd.ms-powerpoint","/Semester 6/22CS620-DISTRIBUTED COMPUTING/Notes and PPTs/PPTS","2025-09-26 18:16:33",1231360
"Module 4-Checkpointing and Recovery.pptx","16OJ7m441a_twO61DmiyWvJ5Xsu0tGNs6","https://docs.google.com/presentation/d/16OJ7m441a_twO61DmiyWvJ5Xsu0tGNs6/edit?usp=drivesdk&ouid=104497255580477485161&rtpof=true&sd=true","application/vnd.openxmlformats-officedocument.presentationml.presentation","/Semester 6/22CS620-DISTRIBUTED COMPUTING/Notes and PPTs/PPTS","2025-09-26 18:16:33",1294381
"Module 3.1 -Distributed Deadlock Detection.pptx","1ocMkBvdpkGiEdsdJteGhicyqBRKp4_MN","https://docs.google.com/presentation/d/1ocMkBvdpkGiEdsdJteGhicyqBRKp4_MN/edit?usp=drivesdk&ouid=104497255580477485161&rtpof=true&sd=true","application/vnd.openxmlformats-officedocument.presentationml.presentation","/Semester 6/22CS620-DISTRIBUTED COMPUTING/Notes and PPTs/PPTS","2025-09-26 18:16:33",2640939
"Module 3-Synchronization.pptx","1cw7oSK5fUpqJJl5eiqO_N5qo302p9Z11","https://docs.google.com/presentation/d/1cw7oSK5fUpqJJl5eiqO_N5qo302p9Z11/edit?usp=drivesdk&ouid=104497255580477485161&rtpof=true&sd=true","application/vnd.openxmlformats-officedocument.presentationml.presentation","/Semester 6/22CS620-DISTRIBUTED COMPUTING/Notes and PPTs/PPTS","2025-09-26 18:16:33",667427
" Module 2-Logical Time and Global State final.pptx","1pAMJWd-VVlg0wyatR0bRT5JlT3YjS7QI","https://docs.google.com/presentation/d/1pAMJWd-VVlg0wyatR0bRT5JlT3YjS7QI/edit?usp=drivesdk&ouid=104497255580477485161&rtpof=true&sd=true","application/vnd.openxmlformats-officedocument.presentationml.presentation","/Semester 6/22CS620-DISTRIBUTED COMPUTING/Notes and PPTs/PPTS","2025-09-26 18:16:33",3611061
"AFS.pptx","1BHN_PfkZ-47gKOk29L6BGwpw0_jHnVGh","https://docs.google.com/presentation/d/1BHN_PfkZ-47gKOk29L6BGwpw0_jHnVGh/edit?usp=drivesdk&ouid=104497255580477485161&rtpof=true&sd=true","application/vnd.openxmlformats-officedocument.presentationml.presentation","/Semester 6/22CS620-DISTRIBUTED COMPUTING/Notes and PPTs/PPTS","2025-09-26 18:16:28",2123809
" 22CS620-DISTRIBUTED COMPUTING Assignment -1-2.pptx","1b-y_kc7s9AV60mJO1GFi7CwEhiS2eyr8","https://docs.google.com/presentation/d/1b-y_kc7s9AV60mJO1GFi7CwEhiS2eyr8/edit?usp=drivesdk&ouid=104497255580477485161&rtpof=true&sd=true","application/vnd.openxmlformats-officedocument.presentationml.presentation","/Semester 6/22CS620-DISTRIBUTED COMPUTING/Notes and PPTs/PPTS","2025-09-26 18:16:28",689034
"Module 2-Logical Time and Global State.pdf","1SkFwlUcL-FXh8ioKDhIEWUrPjy2Akw4B","https://drive.google.com/file/d/1SkFwlUcL-FXh8ioKDhIEWUrPjy2Akw4B/view?usp=drivesdk","application/pdf","/Semester 6/22CS620-DISTRIBUTED COMPUTING/Notes and PPTs/MATERIALS","2025-09-26 18:16:33",1445729
"Module 1-Introduction.pdf","1x8Kjs4IqFU8fNg9LqRhXW9A-LsDHRhel","https://drive.google.com/file/d/1x8Kjs4IqFU8fNg9LqRhXW9A-LsDHRhel/view?usp=drivesdk","application/pdf","/Semester 6/22CS620-DISTRIBUTED COMPUTING/Notes and PPTs/MATERIALS","2025-09-26 18:16:33",1903503
"HDFS.pdf","1qbIlMiLkHzF7Ocd1syc8MmtnfVJMvZZR","https://drive.google.com/file/d/1qbIlMiLkHzF7Ocd1syc8MmtnfVJMvZZR/view?usp=drivesdk","application/pdf","/Semester 6/22CS620-DISTRIBUTED COMPUTING/Notes and PPTs/MATERIALS","2025-09-26 18:16:28",533470
"hw1-solution.pdf","1didVk2J4vkA8Y_lKfpigJz64R9Gf6rUn","https://drive.google.com/file/d/1didVk2J4vkA8Y_lKfpigJz64R9Gf6rUn/view?usp=drivesdk","application/pdf","/Semester 6/22CS620-DISTRIBUTED COMPUTING/Notes and PPTs/MATERIALS","2025-09-26 18:16:28",201744
" Google File System-DC.pdf","1zilCqDyEOdoCtzGDui0hHfYxXxqayvmP","https://drive.google.com/file/d/1zilCqDyEOdoCtzGDui0hHfYxXxqayvmP/view?usp=drivesdk","application/pdf","/Semester 6/22CS620-DISTRIBUTED COMPUTING/Notes and PPTs/MATERIALS","2025-09-26 18:16:28",5868062
" DistComp.pdf","1GHQ5Im2e2Jj0hgbfSD8NMPT5zJDgH1qT","https://drive.google.com/file/d/1GHQ5Im2e2Jj0hgbfSD8NMPT5zJDgH1qT/view?usp=drivesdk","application/pdf","/Semester 6/22CS620-DISTRIBUTED COMPUTING/Notes and PPTs/MATERIALS","2025-09-26 18:16:28",7137996
"cat2 assign.pdf","15t_sL6yauWYR6JsxfYWt4YtYTxLXqHxQ","https://drive.google.com/file/d/15t_sL6yauWYR6JsxfYWt4YtYTxLXqHxQ/view?usp=drivesdk","application/pdf","/Semester 6/22CS620-DISTRIBUTED COMPUTING/Notes and PPTs/MATERIALS","2025-09-26 18:16:28",262245
"cat1 assign2.pdf","1vzlNsez8FKQIPYBCrvGEdr6OSnP-zEN1","https://drive.google.com/file/d/1vzlNsez8FKQIPYBCrvGEdr6OSnP-zEN1/view?usp=drivesdk","application/pdf","/Semester 6/22CS620-DISTRIBUTED COMPUTING/Notes and PPTs/MATERIALS","2025-09-26 18:16:28",1232245
"cat1 assign1.pdf","16skIcZWXwcbkkfZYWy46UVh7RrnUhekd","https://drive.google.com/file/d/16skIcZWXwcbkkfZYWy46UVh7RrnUhekd/view?usp=drivesdk","application/pdf","/Semester 6/22CS620-DISTRIBUTED COMPUTING/Notes and PPTs/MATERIALS","2025-09-26 18:16:28",1014178
"COURSEPLAN.pdf","11plberL9xA7ni4dR69o44EHcAmjJo4S5","https://drive.google.com/file/d/11plberL9xA7ni4dR69o44EHcAmjJo4S5/view?usp=drivesdk","application/pdf","/Semester 6/22CS620-DISTRIBUTED COMPUTING/Course Plan","2025-09-26 18:16:28",1438377
"npl.pdf","1q9MJW5xGtawLYytgT9sbuyS-AcTmBVze","https://drive.google.com/file/d/1q9MJW5xGtawLYytgT9sbuyS-AcTmBVze/view?usp=drivesdk","application/pdf","/Semester 5/22CS570-NETWORK PROGRAMMING LAB/Course Plan","2025-11-12 10:41:31",187854
"fin.txt","13pv8DBCMY2LHpWJzR3uWf8B_8rEiIUWR","https://drive.google.com/file/d/13pv8DBCMY2LHpWJzR3uWf8B_8rEiIUWR/view?usp=drivesdk","text/plain","/Semester 5/22CS570-NETWORK PROGRAMMING LAB/Notes and PPTs/LAB EXPERIMENTS","2025-09-23 20:43:02",15005
"exp4.java","19vcdb-0GOvA4DW-iInevZh0e1vpCj_re","https://drive.google.com/file/d/19vcdb-0GOvA4DW-iInevZh0e1vpCj_re/view?usp=drivesdk","text/x-java","/Semester 5/22CS570-NETWORK PROGRAMMING LAB/Notes and PPTs/LAB EXPERIMENTS","2025-09-23 20:43:00",2621
"try","1IW1GEQMCpdzCMU5iFWYElJ2clhw4w91X","https://drive.google.com/file/d/1IW1GEQMCpdzCMU5iFWYElJ2clhw4w91X/view?usp=drivesdk","application/octet-stream","/Semester 5/22CS570-NETWORK PROGRAMMING LAB/Notes and PPTs/LAB EXPERIMENTS","2025-09-23 20:43:06",6
"UdpReceiver.class","1z275FsKkwr_RMUBcKWiYeM-i9fWfz8tP","https://drive.google.com/file/d/1z275FsKkwr_RMUBcKWiYeM-i9fWfz8tP/view?usp=drivesdk","application/java","/Semester 5/22CS570-NETWORK PROGRAMMING LAB/Notes and PPTs/LAB EXPERIMENTS","2025-09-23 20:43:08",1832
"UdpSender.class","1e6dRfHj0E_oKV6diBx400_S5SG-Ax7xA","https://drive.google.com/file/d/1e6dRfHj0E_oKV6diBx400_S5SG-Ax7xA/view?usp=drivesdk","application/java","/Semester 5/22CS570-NETWORK PROGRAMMING LAB/Notes and PPTs/LAB EXPERIMENTS","2025-09-23 20:43:09",1956
"UdpReceiver.java","1e6IC1pLwtY1bDOsuxZ7gn684ZNXY4_HQ","https://drive.google.com/file/d/1e6IC1pLwtY1bDOsuxZ7gn684ZNXY4_HQ/view?usp=drivesdk","text/x-java","/Semester 5/22CS570-NETWORK PROGRAMMING LAB/Notes and PPTs/LAB EXPERIMENTS","2025-09-23 20:43:09",1651
"UdpSender.java","1r4O29FlpGWQNTE52NFEwFUmc4kV-hRph","https://drive.google.com/file/d/1r4O29FlpGWQNTE52NFEwFUmc4kV-hRph/view?usp=drivesdk","text/x-java","/Semester 5/22CS570-NETWORK PROGRAMMING LAB/Notes and PPTs/LAB EXPERIMENTS","2025-09-23 20:43:09",1692
"UDP+NEXTHOP.pdf","1XL0vqgvvvjdcgQzfirjw1uh709CyCYbT","https://drive.google.com/file/d/1XL0vqgvvvjdcgQzfirjw1uh709CyCYbT/view?usp=drivesdk","application/pdf","/Semester 5/22CS570-NETWORK PROGRAMMING LAB/Notes and PPTs/LAB EXPERIMENTS","2025-09-23 20:43:07",163987
"UDP+NEXTHOP.docx","1ywFc8JEQ-R1JVNzPxvQo45kuqSWwi_Av","https://docs.google.com/document/d/1ywFc8JEQ-R1JVNzPxvQo45kuqSWwi_Av/edit?usp=drivesdk&ouid=104497255580477485161&rtpof=true&sd=true","application/vnd.openxmlformats-officedocument.wordprocessingml.document","/Semester 5/22CS570-NETWORK PROGRAMMING LAB/Notes and PPTs/LAB EXPERIMENTS","2025-09-23 20:43:06",19432
"NetworkUtils.java","1RLEi6Mc1Phec0b6lH0eGCQB36sXtEKmB","https://drive.google.com/file/d/1RLEi6Mc1Phec0b6lH0eGCQB36sXtEKmB/view?usp=drivesdk","text/x-java","/Semester 5/22CS570-NETWORK PROGRAMMING LAB/Notes and PPTs/LAB EXPERIMENTS","2025-09-23 20:43:03",1671
"tcpfileser.class","1rOzQcS31DoWemTKo9nGi_dwzg4cBW_9V","https://drive.google.com/file/d/1rOzQcS31DoWemTKo9nGi_dwzg4cBW_9V/view?usp=drivesdk","application/java","/Semester 5/22CS570-NETWORK PROGRAMMING LAB/Notes and PPTs/LAB EXPERIMENTS/tcp","2025-09-23 20:44:19",2576
"tcpcli.class","1eCvPPWo6Wsu3lsPJgdKhmS-HkKqx8ktV","https://drive.google.com/file/d/1eCvPPWo6Wsu3lsPJgdKhmS-HkKqx8ktV/view?usp=drivesdk","application/java","/Semester 5/22CS570-NETWORK PROGRAMMING LAB/Notes and PPTs/LAB EXPERIMENTS/tcp","2025-09-23 20:44:18",1505
"tcpfileser.java","1kdrPtQeiD3jdgYeSLTUB59hiwJPOf0Kl","https://drive.google.com/file/d/1kdrPtQeiD3jdgYeSLTUB59hiwJPOf0Kl/view?usp=drivesdk","text/x-java","/Semester 5/22CS570-NETWORK PROGRAMMING LAB/Notes and PPTs/LAB EXPERIMENTS/tcp","2025-09-23 20:44:21",1767
"tcpcli.java","13LfXTb4Tc9Ydjf4NlaENbwqwe8ru1bZv","https://drive.google.com/file/d/13LfXTb4Tc9Ydjf4NlaENbwqwe8ru1bZv/view?usp=drivesdk","text/x-java","/Semester 5/22CS570-NETWORK PROGRAMMING LAB/Notes and PPTs/LAB EXPERIMENTS/tcp","2025-09-23 20:44:18",865
"received_file","10Rbx3K_kc1LuOBic9qLQw8amUSm6_aHi","https://drive.google.com/file/d/10Rbx3K_kc1LuOBic9qLQw8amUSm6_aHi/view?usp=drivesdk","application/octet-stream","/Semester 5/22CS570-NETWORK PROGRAMMING LAB/Notes and PPTs/LAB EXPERIMENTS/tcp","2025-09-23 20:44:16",13
"FileClient.class","1PuW_mt5GnRbxns9LgJI6oYKEWlTrsnwS","https://drive.google.com/file/d/1PuW_mt5GnRbxns9LgJI6oYKEWlTrsnwS/view?usp=drivesdk","application/java","/Semester 5/22CS570-NETWORK PROGRAMMING LAB/Notes and PPTs/LAB EXPERIMENTS/tcp","2025-09-23 20:44:12",2033
"FileServer.class","1JRNARCl0KotKeZtXxDwIRSNKtjLUh2Wk","https://drive.google.com/file/d/1JRNARCl0KotKeZtXxDwIRSNKtjLUh2Wk/view?usp=drivesdk","application/java","/Semester 5/22CS570-NETWORK PROGRAMMING LAB/Notes and PPTs/LAB EXPERIMENTS/tcp","2025-09-23 20:44:14",2740
"FileServer.java","19-5qi9YaT_wXbWGDMG9za63XeRmbyZxz","https://drive.google.com/file/d/19-5qi9YaT_wXbWGDMG9za63XeRmbyZxz/view?usp=drivesdk","text/x-java","/Semester 5/22CS570-NETWORK PROGRAMMING LAB/Notes and PPTs/LAB EXPERIMENTS/tcp","2025-09-23 20:44:14",1649
"FileClient.java","1e5qktV7PCeB681I3f2w-wstnxoZA__8a","https://drive.google.com/file/d/1e5qktV7PCeB681I3f2w-wstnxoZA__8a/view?usp=drivesdk","text/x-java","/Semester 5/22CS570-NETWORK PROGRAMMING LAB/Notes and PPTs/LAB EXPERIMENTS/tcp","2025-09-23 20:44:13",894
"BankServer.java","1TtnLoJ8UFTkUBwu5V5S5_t8znnxt_OaC","https://drive.google.com/file/d/1TtnLoJ8UFTkUBwu5V5S5_t8znnxt_OaC/view?usp=drivesdk","text/x-java","/Semester 5/22CS570-NETWORK PROGRAMMING LAB/Notes and PPTs/LAB EXPERIMENTS/NW_Exp11","2025-09-23 20:44:10",584
"BankClient.class","1KRLnwMLQRTSMgV1jYbK5eh-UvJA3iks-","https://drive.google.com/file/d/1KRLnwMLQRTSMgV1jYbK5eh-UvJA3iks-/view?usp=drivesdk","application/java","/Semester 5/22CS570-NETWORK PROGRAMMING LAB/Notes and PPTs/LAB EXPERIMENTS/NW_Exp11","2025-09-23 20:44:07",2326
"BankServer.class","1wtGbJVEhdbBuFEe0SCHf2Cl5EVhRjWOa","https://drive.google.com/file/d/1wtGbJVEhdbBuFEe0SCHf2Cl5EVhRjWOa/view?usp=drivesdk","application/java","/Semester 5/22CS570-NETWORK PROGRAMMING LAB/Notes and PPTs/LAB EXPERIMENTS/NW_Exp11","2025-09-23 20:44:10",1355
"BankAccountImpl.class","1Zq7fpOoC9Rgnrayvk7vAtr5uNdsJ6kAc","https://drive.google.com/file/d/1Zq7fpOoC9Rgnrayvk7vAtr5uNdsJ6kAc/view?usp=drivesdk","application/java","/Semester 5/22CS570-NETWORK PROGRAMMING LAB/Notes and PPTs/LAB EXPERIMENTS/NW_Exp11","2025-09-23 20:44:06",1380
"BankAccount.class","1Hk0IUJR8_BbQH00-wEflaJUvQcobMUgB","https://drive.google.com/file/d/1Hk0IUJR8_BbQH00-wEflaJUvQcobMUgB/view?usp=drivesdk","application/java","/Semester 5/22CS570-NETWORK PROGRAMMING LAB/Notes and PPTs/LAB EXPERIMENTS/NW_Exp11","2025-09-23 20:44:04",272
"BankClient.java","1oINfQ2AAs3D9Hm_p7McHdvrmBz0iyw0V","https://drive.google.com/file/d/1oINfQ2AAs3D9Hm_p7McHdvrmBz0iyw0V/view?usp=drivesdk","text/x-java","/Semester 5/22CS570-NETWORK PROGRAMMING LAB/Notes and PPTs/LAB EXPERIMENTS/NW_Exp11","2025-09-23 20:44:08",1951
"BankAccountImpl.java","1xJ330p2VruUXOtBzNnNmr4R6o0Hm-EC_","https://drive.google.com/file/d/1xJ330p2VruUXOtBzNnNmr4R6o0Hm-EC_/view?usp=drivesdk","text/x-java","/Semester 5/22CS570-NETWORK PROGRAMMING LAB/Notes and PPTs/LAB EXPERIMENTS/NW_Exp11","2025-09-23 20:44:07",1071
"BankAccount.java","1z-lq5zDP1XFbQI5h9TLMg2YQQCmXlBlA","https://drive.google.com/file/d/1z-lq5zDP1XFbQI5h9TLMg2YQQCmXlBlA/view?usp=drivesdk","text/x-java","/Semester 5/22CS570-NETWORK PROGRAMMING LAB/Notes and PPTs/LAB EXPERIMENTS/NW_Exp11","2025-09-23 20:44:05",277
"22CSPC0 syllabus.docx","1lx7HRt5tTWY-k3KT0aL5x0nkxLOdaLt2","https://docs.google.com/document/d/1lx7HRt5tTWY-k3KT0aL5x0nkxLOdaLt2/edit?usp=drivesdk&ouid=104497255580477485161&rtpof=true&sd=true","application/vnd.openxmlformats-officedocument.wordprocessingml.document","/Semester 5/22CSPCO-CLOUD COMPUTING/Notes and PPTs","2025-09-23 20:41:39",28263
"full ebook-Cloud Computing Concepts Technology _ Architecture (1).pdf","16zm5gpm89wzgFgceGcEjKfOOkLgLmj7n","https://drive.google.com/file/d/16zm5gpm89wzgFgceGcEjKfOOkLgLmj7n/view?usp=drivesdk","application/pdf","/Semester 5/22CSPCO-CLOUD COMPUTING/Notes and PPTs","2025-09-23 20:42:19",15680184
"UNIT 4 - Virtualization vs contanization.docx","1dEgo6q9lsq4W1rqeC9v1TKl5s_kvSEgB","https://docs.google.com/document/d/1dEgo6q9lsq4W1rqeC9v1TKl5s_kvSEgB/edit?usp=drivesdk&ouid=104497255580477485161&rtpof=true&sd=true","application/vnd.openxmlformats-officedocument.wordprocessingml.document","/Semester 5/22CSPCO-CLOUD COMPUTING/Notes and PPTs/NOTES","2025-09-23 20:42:04",903649
"UNIT 5 - Cloud Security and Storage.docx","1sdxxf_3PD0mhqp7oyd9ofxrUj6YU8r4Y","https://docs.google.com/document/d/1sdxxf_3PD0mhqp7oyd9ofxrUj6YU8r4Y/edit?usp=drivesdk&ouid=104497255580477485161&rtpof=true&sd=true","application/vnd.openxmlformats-officedocument.wordprocessingml.document","/Semester 5/22CSPCO-CLOUD COMPUTING/Notes and PPTs/NOTES","2025-09-23 20:42:08",186527
"UNIT 6 - cloudsim simulator.docx","1oSciMbE7SMqvwHcxbGLfRF4h-CbNsjJm","https://docs.google.com/document/d/1oSciMbE7SMqvwHcxbGLfRF4h-CbNsjJm/edit?usp=drivesdk&ouid=104497255580477485161&rtpof=true&sd=true","application/vnd.openxmlformats-officedocument.wordprocessingml.document","/Semester 5/22CSPCO-CLOUD COMPUTING/Notes and PPTs/NOTES","2025-09-23 20:42:17",1072729
"UNIT 5 - Security patterns and Architectural elements.pptx","1U2LJW6RQ7pu0gRUFi_P_f3Q40sO98nU-","https://docs.google.com/presentation/d/1U2LJW6RQ7pu0gRUFi_P_f3Q40sO98nU-/edit?usp=drivesdk&ouid=104497255580477485161&rtpof=true&sd=true","application/vnd.openxmlformats-officedocument.presentationml.presentation","/Semester 5/22CSPCO-CLOUD COMPUTING/Notes and PPTs/NOTES","2025-09-23 20:42:12",93063
"UNIT 3 modif- virutalization.pptx","1BEjXKnCagu813wB1Mt5lMsIkcLrOH3p2","https://docs.google.com/presentation/d/1BEjXKnCagu813wB1Mt5lMsIkcLrOH3p2/edit?usp=drivesdk&ouid=104497255580477485161&rtpof=true&sd=true","application/vnd.openxmlformats-officedocument.presentationml.presentation","/Semester 5/22CSPCO-CLOUD COMPUTING/Notes and PPTs/NOTES","2025-09-23 20:41:56",127519
"UNIT 3 - modif Datacenter (1).pptx","1iHoG-H6JdiMoXCbNjm8dgMeRV2NsFvXn","https://docs.google.com/presentation/d/1iHoG-H6JdiMoXCbNjm8dgMeRV2NsFvXn/edit?usp=drivesdk&ouid=104497255580477485161&rtpof=true&sd=true","application/vnd.openxmlformats-officedocument.presentationml.presentation","/Semester 5/22CSPCO-CLOUD COMPUTING/Notes and PPTs/NOTES","2025-09-23 20:41:51",48018
"UNIT 1 - Introduction to cloud.pptx","1aojYJynsU4vA9eCWwLi8lniKzfQ2sqgr","https://docs.google.com/presentation/d/1aojYJynsU4vA9eCWwLi8lniKzfQ2sqgr/edit?usp=drivesdk&ouid=104497255580477485161&rtpof=true&sd=true","application/vnd.openxmlformats-officedocument.presentationml.presentation","/Semester 5/22CSPCO-CLOUD COMPUTING/Notes and PPTs/NOTES","2025-09-23 20:41:48",915089
"UNIT 2 modif- Architecture, Services and Models.pptx","1GOFL20qq0q7mXv1hO02C4c4PbTDHCKx_","https://docs.google.com/presentation/d/1GOFL20qq0q7mXv1hO02C4c4PbTDHCKx_/edit?usp=drivesdk&ouid=104497255580477485161&rtpof=true&sd=true","application/vnd.openxmlformats-officedocument.presentationml.presentation","/Semester 5/22CSPCO-CLOUD COMPUTING/Notes and PPTs/NOTES","2025-09-23 20:42:13",6318238
"UNIT 5.pptx","15P9hseAOXgLynhicRYKUWvchcc1ND3DJ","https://docs.google.com/presentation/d/15P9hseAOXgLynhicRYKUWvchcc1ND3DJ/edit?usp=drivesdk&ouid=104497255580477485161&rtpof=true&sd=true","application/vnd.openxmlformats-officedocument.presentationml.presentation","/Semester 5/22CSPCO-CLOUD COMPUTING/Notes and PPTs/NOTES","2025-09-23 20:42:15",93063
"Course Plan.pdf","1JElveNN0ON37FEaHFsnLvBm-a4hMiNVW","https://drive.google.com/file/d/1JElveNN0ON37FEaHFsnLvBm-a4hMiNVW/view?usp=drivesdk","application/pdf","/Semester 5/22CS580-ARTIFICIAL INTELLIGENCE LAB/Course Plan","2025-11-12 10:42:27",367555
"hilloo.py","15dt0CvRqqdyQQTvmDBpTkfPDIbVwOnJN","https://drive.google.com/file/d/15dt0CvRqqdyQQTvmDBpTkfPDIbVwOnJN/view?usp=drivesdk","text/x-python","/Semester 5/22CS580-ARTIFICIAL INTELLIGENCE LAB/Notes and PPTs/Lab experiments","2025-09-23 20:43:38",1683
"sim_anne.py","1M2x2Lbx-mTbibgiUtJHIeKum6--pQD_J","https://drive.google.com/file/d/1M2x2Lbx-mTbibgiUtJHIeKum6--pQD_J/view?usp=drivesdk","text/x-python","/Semester 5/22CS580-ARTIFICIAL INTELLIGENCE LAB/Notes and PPTs/Lab experiments","2025-09-23 20:43:40",1965
"astar_hari.py","1ae_AUJE3f6ijIRdTgHXrXIhHOJbBiYVt","https://drive.google.com/file/d/1ae_AUJE3f6ijIRdTgHXrXIhHOJbBiYVt/view?usp=drivesdk","text/x-python","/Semester 5/22CS580-ARTIFICIAL INTELLIGENCE LAB/Notes and PPTs/Lab experiments","2025-09-23 20:43:29",2119
"Tice-Tac-Toe.py","1vx8PwuCMpa0NzVER2_5Xue1Sw4a75TXJ","https://drive.google.com/file/d/1vx8PwuCMpa0NzVER2_5Xue1Sw4a75TXJ/view?usp=drivesdk","text/x-python","/Semester 5/22CS580-ARTIFICIAL INTELLIGENCE LAB/Notes and PPTs/Lab experiments","2025-09-23 20:43:41",2694
"NavieBayes.py","1CnTZhQZ8VdrU0ABiYOLQK8GxbLaIwIsb","https://drive.google.com/file/d/1CnTZhQZ8VdrU0ABiYOLQK8GxbLaIwIsb/view?usp=drivesdk","text/x-python","/Semester 5/22CS580-ARTIFICIAL INTELLIGENCE LAB/Notes and PPTs/Lab experiments","2025-09-23 20:43:39",1677
"HillClimbing.py","1BT1BNn1N1G0yAVDCOmcm33Xr4Ovh0SUG","https://drive.google.com/file/d/1BT1BNn1N1G0yAVDCOmcm33Xr4Ovh0SUG/view?usp=drivesdk","text/x-python","/Semester 5/22CS580-ARTIFICIAL INTELLIGENCE LAB/Notes and PPTs/Lab experiments","2025-09-23 20:43:38",1847
"Cryptarithematic.py","1g022D43CjiXmeXFRe_g5T4Zqm7tqIZsf","https://drive.google.com/file/d/1g022D43CjiXmeXFRe_g5T4Zqm7tqIZsf/view?usp=drivesdk","text/x-python","/Semester 5/22CS580-ARTIFICIAL INTELLIGENCE LAB/Notes and PPTs/Lab experiments","2025-09-23 20:43:35",1309
"Min_Max___.py","1-JlU4SnZB2L2ENF2jwmCAp5F_qLWRnZS","https://drive.google.com/file/d/1-JlU4SnZB2L2ENF2jwmCAp5F_qLWRnZS/view?usp=drivesdk","text/x-python","/Semester 5/22CS580-ARTIFICIAL INTELLIGENCE LAB/Notes and PPTs/Lab experiments","2025-09-23 20:43:38",700
"dfs.py","128kOWIvEgIkoOGRgQURp5_GaZRQKOpsn","https://drive.google.com/file/d/128kOWIvEgIkoOGRgQURp5_GaZRQKOpsn/view?usp=drivesdk","text/x-python","/Semester 5/22CS580-ARTIFICIAL INTELLIGENCE LAB/Notes and PPTs/Lab experiments","2025-09-23 20:43:37",1451
"bfs.py","17doiqES_RV8tRuSriiI_DfqhyJ2oOnRw","https://drive.google.com/file/d/17doiqES_RV8tRuSriiI_DfqhyJ2oOnRw/view?usp=drivesdk","text/x-python","/Semester 5/22CS580-ARTIFICIAL INTELLIGENCE LAB/Notes and PPTs/Lab experiments","2025-09-23 20:43:35",1474
"Bestwaterjug.py","1O-bJWge2zdFiDF3b0Iy2Q9LsqgEZQCjG","https://drive.google.com/file/d/1O-bJWge2zdFiDF3b0Iy2Q9LsqgEZQCjG/view?usp=drivesdk","text/x-python","/Semester 5/22CS580-ARTIFICIAL INTELLIGENCE LAB/Notes and PPTs/Lab experiments","2025-09-23 20:43:32",2032
"Cartpole.py","1c1iCmSmDXtLPsxXyisgZPU8KHEgd_ShE","https://drive.google.com/file/d/1c1iCmSmDXtLPsxXyisgZPU8KHEgd_ShE/view?usp=drivesdk","text/x-python","/Semester 5/22CS580-ARTIFICIAL INTELLIGENCE LAB/Notes and PPTs/Lab experiments","2025-09-23 20:43:35",464
"Astwaterjug.py","1h-cA5Z6HhjjXdiFl7aRdvEMj5KKulmyD","https://drive.google.com/file/d/1h-cA5Z6HhjjXdiFl7aRdvEMj5KKulmyD/view?usp=drivesdk","text/x-python","/Semester 5/22CS580-ARTIFICIAL INTELLIGENCE LAB/Notes and PPTs/Lab experiments","2025-09-23 20:43:30",1966
"A_star&8puzzle.py","1kB4QnPRrLtClCh6AAABjkdo9rayHzSZx","https://drive.google.com/file/d/1kB4QnPRrLtClCh6AAABjkdo9rayHzSZx/view?usp=drivesdk","text/x-python","/Semester 5/22CS580-ARTIFICIAL INTELLIGENCE LAB/Notes and PPTs/Lab experiments","2025-09-23 20:43:31",1837
"Alpha_Beta_Pruning.py","1mJCPQDvHOZSYBmOGrMWO4cK6cD9EI1CM","https://drive.google.com/file/d/1mJCPQDvHOZSYBmOGrMWO4cK6cD9EI1CM/view?usp=drivesdk","text/x-python","/Semester 5/22CS580-ARTIFICIAL INTELLIGENCE LAB/Notes and PPTs/Lab experiments","2025-09-23 20:43:27",1939
"Best_First_Search_&8puzzle.py","1tqauA8bsG7rAP3Cmx68-Ij1ihE7uOOLc","https://drive.google.com/file/d/1tqauA8bsG7rAP3Cmx68-Ij1ihE7uOOLc/view?usp=drivesdk","text/x-python","/Semester 5/22CS580-ARTIFICIAL INTELLIGENCE LAB/Notes and PPTs/Lab experiments","2025-09-23 20:43:34",1983
"Tic-tac-toe-ab.py","1xs82rxw0ejR-9UcKX5ao_gnxyhSRxF7a","https://drive.google.com/file/d/1xs82rxw0ejR-9UcKX5ao_gnxyhSRxF7a/view?usp=drivesdk","text/x-python","/Semester 5/22CS580-ARTIFICIAL INTELLIGENCE LAB/Notes and PPTs/Lab experiments","2025-09-23 20:43:40",3512
"Course Plan.pdf","106LYDL-jBZ6hcfCb-qLelj0nzJSMmnSA","https://drive.google.com/file/d/106LYDL-jBZ6hcfCb-qLelj0nzJSMmnSA/view?usp=drivesdk","application/pdf","/Semester 5/22CS560-SOFTWARE ENGINEERING/Course Plan","2025-11-12 10:40:09",336840
"Requirements and SRS modified.pptx","1G9kOtRPktzbiNPAWb6mOXYgqBlEiuiwZ","https://docs.google.com/presentation/d/1G9kOtRPktzbiNPAWb6mOXYgqBlEiuiwZ/edit?usp=drivesdk&ouid=104497255580477485161&rtpof=true&sd=true","application/vnd.openxmlformats-officedocument.presentationml.presentation","/Semester 5/22CS560-SOFTWARE ENGINEERING/Notes and PPTs/NOTES/unit 2","2025-09-23 20:45:08",424002
"Unit II - Functional Non functional Requirement.pptx","1wh3KqKELPbk8O1VZO8vLlpfLBYEjOYTp","https://docs.google.com/presentation/d/1wh3KqKELPbk8O1VZO8vLlpfLBYEjOYTp/edit?usp=drivesdk&ouid=104497255580477485161&rtpof=true&sd=true","application/vnd.openxmlformats-officedocument.presentationml.presentation","/Semester 5/22CS560-SOFTWARE ENGINEERING/Notes and PPTs/NOTES/unit 2","2025-09-23 20:45:12",343911
"Unit 2.pptx","1zSiaU__OxXIG1AxeuVGXHmqOUL6pGktS","https://docs.google.com/presentation/d/1zSiaU__OxXIG1AxeuVGXHmqOUL6pGktS/edit?usp=drivesdk&ouid=104497255580477485161&rtpof=true&sd=true","application/vnd.openxmlformats-officedocument.presentationml.presentation","/Semester 5/22CS560-SOFTWARE ENGINEERING/Notes and PPTs/NOTES/unit 2","2025-09-23 20:45:14",3902647
"Types of Software Architecture Patterns.docx","1pokhhrAwyaSwTiZ_nVMA81NMvfFrY94s","https://docs.google.com/document/d/1pokhhrAwyaSwTiZ_nVMA81NMvfFrY94s/edit?usp=drivesdk&ouid=104497255580477485161&rtpof=true&sd=true","application/vnd.openxmlformats-officedocument.wordprocessingml.document","/Semester 5/22CS560-SOFTWARE ENGINEERING/Notes and PPTs/NOTES/unit 2","2025-09-23 20:45:19",17837096
"7. Architectural patterns.pptx","1E7io8QsA9-G01oUtB7i9e-1YWeV_KuLd","https://docs.google.com/presentation/d/1E7io8QsA9-G01oUtB7i9e-1YWeV_KuLd/edit?usp=drivesdk&ouid=104497255580477485161&rtpof=true&sd=true","application/vnd.openxmlformats-officedocument.presentationml.presentation","/Semester 5/22CS560-SOFTWARE ENGINEERING/Notes and PPTs/NOTES/unit 2","2025-09-23 20:45:08",1492018
"6. Behavioral models.pptx","1FUBY1zsBMCiPP1qpNBJfxKI9NtQ0i_1s","https://docs.google.com/presentation/d/1FUBY1zsBMCiPP1qpNBJfxKI9NtQ0i_1s/edit?usp=drivesdk&ouid=104497255580477485161&rtpof=true&sd=true","application/vnd.openxmlformats-officedocument.presentationml.presentation","/Semester 5/22CS560-SOFTWARE ENGINEERING/Notes and PPTs/NOTES/unit 2","2025-09-23 20:45:05",275657
"UNIT 4.pptx","1MjXcyGlbUf191CXYXNGoKVWgq4zO-vcO","https://docs.google.com/presentation/d/1MjXcyGlbUf191CXYXNGoKVWgq4zO-vcO/edit?usp=drivesdk&ouid=104497255580477485161&rtpof=true&sd=true","application/vnd.openxmlformats-officedocument.presentationml.presentation","/Semester 5/22CS560-SOFTWARE ENGINEERING/Notes and PPTs/NOTES/unit 4","2025-09-23 20:45:23",2154416
"Unit 4.pdf","1AWWiTJXzgypVi_oHXWFDZnW7mwgqjcN0","https://drive.google.com/file/d/1AWWiTJXzgypVi_oHXWFDZnW7mwgqjcN0/view?usp=drivesdk","application/pdf","/Semester 5/22CS560-SOFTWARE ENGINEERING/Notes and PPTs/NOTES/unit 4","2025-09-23 20:45:22",1930161
"2. CBSE processes.pptx","1ASu0p6tNtoeEnh-HyZtv9McO-BGniZ3U","https://docs.google.com/presentation/d/1ASu0p6tNtoeEnh-HyZtv9McO-BGniZ3U/edit?usp=drivesdk&ouid=104497255580477485161&rtpof=true&sd=true","application/vnd.openxmlformats-officedocument.presentationml.presentation","/Semester 5/22CS560-SOFTWARE ENGINEERING/Notes and PPTs/NOTES/unit 4","2025-09-23 20:45:22",863922
"1. Components and component models.pptx","1eEnaDUIsBG9-nqL5VWHk63PGSBnh564V","https://docs.google.com/presentation/d/1eEnaDUIsBG9-nqL5VWHk63PGSBnh564V/edit?usp=drivesdk&ouid=104497255580477485161&rtpof=true&sd=true","application/vnd.openxmlformats-officedocument.presentationml.presentation","/Semester 5/22CS560-SOFTWARE ENGINEERING/Notes and PPTs/NOTES/unit 4","2025-09-23 20:45:18",722244
"4. Risk management.pptx","1kRdJheSYqWPI-Zw_ttc_7Wh9npY5mOYy","https://docs.google.com/presentation/d/1kRdJheSYqWPI-Zw_ttc_7Wh9npY5mOYy/edit?usp=drivesdk&ouid=104497255580477485161&rtpof=true&sd=true","application/vnd.openxmlformats-officedocument.presentationml.presentation","/Semester 5/22CS560-SOFTWARE ENGINEERING/Notes and PPTs/NOTES/unit 3","2025-09-23 20:45:14",1720512
"Software Reuse.pdf","1D2IsFfv2OaKk5kFHbt81yzVKaqchNiSq","https://drive.google.com/file/d/1D2IsFfv2OaKk5kFHbt81yzVKaqchNiSq/view?usp=drivesdk","application/pdf","/Semester 5/22CS560-SOFTWARE ENGINEERING/Notes and PPTs/NOTES/unit 3","2025-09-23 20:45:18",1436065
"Agile Process (1).pptx","1_6NlRtibqf4Psc_EKHUAETlP2SeBwFNo","https://docs.google.com/presentation/d/1_6NlRtibqf4Psc_EKHUAETlP2SeBwFNo/edit?usp=drivesdk&ouid=104497255580477485161&rtpof=true&sd=true","application/vnd.openxmlformats-officedocument.presentationml.presentation","/Semester 5/22CS560-SOFTWARE ENGINEERING/Notes and PPTs/NOTES/unit 3","2025-09-23 20:45:18",4641894
"1. Distributed systems - Overall.pptx","1AYagLeLqxFUUxe7emZIw4FvvU2blOLsC","https://docs.google.com/presentation/d/1AYagLeLqxFUUxe7emZIw4FvvU2blOLsC/edit?usp=drivesdk&ouid=104497255580477485161&rtpof=true&sd=true","application/vnd.openxmlformats-officedocument.presentationml.presentation","/Semester 5/22CS560-SOFTWARE ENGINEERING/Notes and PPTs/NOTES/unit 5","2025-09-23 20:45:23",4674607
"4. Software as a service.pptx","1yo7l-Abdhm90zZTaK9Cgurq5TaUzdtmf","https://docs.google.com/presentation/d/1yo7l-Abdhm90zZTaK9Cgurq5TaUzdtmf/edit?usp=drivesdk&ouid=104497255580477485161&rtpof=true&sd=true","application/vnd.openxmlformats-officedocument.presentationml.presentation","/Semester 5/22CS560-SOFTWARE ENGINEERING/Notes and PPTs/NOTES/unit 5","2025-09-23 20:45:26",121596
"3. Architectural patterns for distributed systems.pptx","1nSlV0mU_hw6T7nVnWLIAm-rqWTKhWfUi","https://docs.google.com/presentation/d/1nSlV0mU_hw6T7nVnWLIAm-rqWTKhWfUi/edit?usp=drivesdk&ouid=104497255580477485161&rtpof=true&sd=true","application/vnd.openxmlformats-officedocument.presentationml.presentation","/Semester 5/22CS560-SOFTWARE ENGINEERING/Notes and PPTs/NOTES/unit 5","2025-09-23 20:45:25",924748
"2. Client-server computing.pptx","1l1PWPdThEeK9jLmlFogdDuqioml4jwnV","https://docs.google.com/presentation/d/1l1PWPdThEeK9jLmlFogdDuqioml4jwnV/edit?usp=drivesdk&ouid=104497255580477485161&rtpof=true&sd=true","application/vnd.openxmlformats-officedocument.presentationml.presentation","/Semester 5/22CS560-SOFTWARE ENGINEERING/Notes and PPTs/NOTES/unit 5","2025-09-23 20:45:25",291714
"Unit 1.pptx","1EJbvQrkTkH3bVVBrhFiKCi-XLFTykuBB","https://docs.google.com/presentation/d/1EJbvQrkTkH3bVVBrhFiKCi-XLFTykuBB/edit?usp=drivesdk&ouid=104497255580477485161&rtpof=true&sd=true","application/vnd.openxmlformats-officedocument.presentationml.presentation","/Semester 5/22CS560-SOFTWARE ENGINEERING/Notes and PPTs/NOTES/unit 1","2025-09-23 20:45:09",7333545
"Unit 1.1.pptx","1QynrsnFdsMQkTKfmR7NwGwvoFH3WOgXf","https://docs.google.com/presentation/d/1QynrsnFdsMQkTKfmR7NwGwvoFH3WOgXf/edit?usp=drivesdk&ouid=104497255580477485161&rtpof=true&sd=true","application/vnd.openxmlformats-officedocument.presentationml.presentation","/Semester 5/22CS560-SOFTWARE ENGINEERING/Notes and PPTs/NOTES/unit 1","2025-09-23 20:45:08",4903178
"Unit 1.pptx","1KF8Dj4MciQA9_DtgLvnIAnt_Db3eUvEw","https://docs.google.com/presentation/d/1KF8Dj4MciQA9_DtgLvnIAnt_Db3eUvEw/edit?usp=drivesdk&ouid=104497255580477485161&rtpof=true&sd=true","application/vnd.openxmlformats-officedocument.presentationml.presentation","/Semester 5/22CS560-SOFTWARE ENGINEERING/Notes and PPTs/NOTES/anitha mam","2025-09-23 20:45:02",7340604
"Unit 1.1.pptx","1zz3EkBI_fSwbQdS5Mqr-M3skFOp_Fyr_","https://docs.google.com/presentation/d/1zz3EkBI_fSwbQdS5Mqr-M3skFOp_Fyr_/edit?usp=drivesdk&ouid=104497255580477485161&rtpof=true&sd=true","application/vnd.openxmlformats-officedocument.presentationml.presentation","/Semester 5/22CS560-SOFTWARE ENGINEERING/Notes and PPTs/NOTES/anitha mam","2025-09-23 20:45:00",4863020
"Unit II - System modeling.pptx","1kX1nzMIv-CGnXoRH9bO5oTha0PxuK_sW","https://docs.google.com/presentation/d/1kX1nzMIv-CGnXoRH9bO5oTha0PxuK_sW/edit?usp=drivesdk&ouid=104497255580477485161&rtpof=true&sd=true","application/vnd.openxmlformats-officedocument.presentationml.presentation","/Semester 5/22CS560-SOFTWARE ENGINEERING/Notes and PPTs/NOTES/anitha mam","2025-09-23 20:45:04",854958
"Requirements and SRS modified.pptx","1B_TNYS7P319403MCQqpNfKbSc2NABGAR","https://docs.google.com/presentation/d/1B_TNYS7P319403MCQqpNfKbSc2NABGAR/edit?usp=drivesdk&ouid=104497255580477485161&rtpof=true&sd=true","application/vnd.openxmlformats-officedocument.presentationml.presentation","/Semester 5/22CS560-SOFTWARE ENGINEERING/Notes and PPTs/NOTES/anitha mam","2025-09-23 20:44:41",424002
"Unit II - Functional Non functional Requirement.pptx","1T0VXpvsMNwA-hmnwl506XrimZGwK_YW_","https://docs.google.com/presentation/d/1T0VXpvsMNwA-hmnwl506XrimZGwK_YW_/edit?usp=drivesdk&ouid=104497255580477485161&rtpof=true&sd=true","application/vnd.openxmlformats-officedocument.presentationml.presentation","/Semester 5/22CS560-SOFTWARE ENGINEERING/Notes and PPTs/NOTES/anitha mam","2025-09-23 20:45:01",343911
"DOC-20240727-WA0004..pdf","1EN3vGM7-H_oFOoht_SLVmHP4HTcgOu4a","https://drive.google.com/file/d/1EN3vGM7-H_oFOoht_SLVmHP4HTcgOu4a/view?usp=drivesdk","application/pdf","/Semester 5/22CS560-SOFTWARE ENGINEERING/Notes and PPTs/NOTES/anitha mam","2025-09-23 20:44:57",5169741
"DOC-20240731-WA0002..pdf","1nd92kI-RfpeSYRZBUbzWo59ZiQjdJtyr","https://drive.google.com/file/d/1nd92kI-RfpeSYRZBUbzWo59ZiQjdJtyr/view?usp=drivesdk","application/pdf","/Semester 5/22CS560-SOFTWARE ENGINEERING/Notes and PPTs/NOTES/anitha mam","2025-09-23 20:44:57",5068713
"7. Architectural patterns.pptx","1o1uprEQ-fqrUpIJmDZqfb8Ht7-YOY6a0","https://docs.google.com/presentation/d/1o1uprEQ-fqrUpIJmDZqfb8Ht7-YOY6a0/edit?usp=drivesdk&ouid=104497255580477485161&rtpof=true&sd=true","application/vnd.openxmlformats-officedocument.presentationml.presentation","/Semester 5/22CS560-SOFTWARE ENGINEERING/Notes and PPTs/NOTES/anitha mam","2025-09-23 20:44:35",1241156
"1410252761.pdf","1Nb2HeBFJRidee0tfXqxZs9a7VjWkIsB-","https://drive.google.com/file/d/1Nb2HeBFJRidee0tfXqxZs9a7VjWkIsB-/view?usp=drivesdk","application/pdf","/Semester 5/22CS560-SOFTWARE ENGINEERING/Notes and PPTs/NOTES/anitha mam","2025-09-23 20:44:33",3738049
"Software Reuse.pdf","1lF-PGQ7vn5gPdZFgSm5g8WSVZS7W84_E","https://drive.google.com/file/d/1lF-PGQ7vn5gPdZFgSm5g8WSVZS7W84_E/view?usp=drivesdk","application/pdf","/Semester 5/22CS560-SOFTWARE ENGINEERING/Notes and PPTs/NOTES/anitha mam","2025-09-23 20:44:54",1436065
"4. Risk management.pptx","1zBd4J6R_84CSGtK1kL8vVngCq54tWhMn","https://docs.google.com/presentation/d/1zBd4J6R_84CSGtK1kL8vVngCq54tWhMn/edit?usp=drivesdk&ouid=104497255580477485161&rtpof=true&sd=true","application/vnd.openxmlformats-officedocument.presentationml.presentation","/Semester 5/22CS560-SOFTWARE ENGINEERING/Notes and PPTs/NOTES/anitha mam","2025-09-23 20:44:34",143515
"Unit 4.pdf","1TIMW8ivIXWZSckQp9TVrqekLjwQHZI5d","https://drive.google.com/file/d/1TIMW8ivIXWZSckQp9TVrqekLjwQHZI5d/view?usp=drivesdk","application/pdf","/Semester 5/22CS560-SOFTWARE ENGINEERING/Notes and PPTs/NOTES/anitha mam","2025-09-23 20:45:02",1930161
"Distributed Systems 2357797.pdf","1cukuFm0NONauQoCwy47lv7Iap2E5wEaO","https://drive.google.com/file/d/1cukuFm0NONauQoCwy47lv7Iap2E5wEaO/view?usp=drivesdk","application/pdf","/Semester 5/22CS560-SOFTWARE ENGINEERING/Notes and PPTs/NOTES/anitha mam","2025-09-23 20:44:53",2490287
"2. Programming for reliability (1).pptx","1wnV_iXDM_wsztrW2-CjLOjPImNxXN4bt","https://docs.google.com/presentation/d/1wnV_iXDM_wsztrW2-CjLOjPImNxXN4bt/edit?usp=drivesdk&ouid=104497255580477485161&rtpof=true&sd=true","application/vnd.openxmlformats-officedocument.presentationml.presentation","/Semester 5/22CS560-SOFTWARE ENGINEERING/Notes and PPTs/NOTES/anitha mam","2025-09-23 20:44:33",66646
"1. Fault-tolerant architectures.pptx","1naXnD52S6WQgYVltH_OpkZzHyW5naYQj","https://docs.google.com/presentation/d/1naXnD52S6WQgYVltH_OpkZzHyW5naYQj/edit?usp=drivesdk&ouid=104497255580477485161&rtpof=true&sd=true","application/vnd.openxmlformats-officedocument.presentationml.presentation","/Semester 5/22CS560-SOFTWARE ENGINEERING/Notes and PPTs/NOTES/anitha mam","2025-09-23 20:44:31",489237
"3. Security Engineering.pdf","1FkRbbzu0aWPATazontdr_Wc0fx5lY-HF","https://drive.google.com/file/d/1FkRbbzu0aWPATazontdr_Wc0fx5lY-HF/view?usp=drivesdk","application/pdf","/Semester 5/22CS560-SOFTWARE ENGINEERING/Notes and PPTs/NOTES/unit 6","2025-09-23 20:45:29",473177
"2. Programming for reliability.pdf","1lDfO_TUwd8NIi_ZYwrcalR5ZpoRL2gxA","https://drive.google.com/file/d/1lDfO_TUwd8NIi_ZYwrcalR5ZpoRL2gxA/view?usp=drivesdk","application/pdf","/Semester 5/22CS560-SOFTWARE ENGINEERING/Notes and PPTs/NOTES/unit 6","2025-09-23 20:45:29",271578
"1. Fault-tolerant architectures.pdf","1WAZWWiKLpSGpe-6ZxTQVavUskEWNmvCy","https://drive.google.com/file/d/1WAZWWiKLpSGpe-6ZxTQVavUskEWNmvCy/view?usp=drivesdk","application/pdf","/Semester 5/22CS560-SOFTWARE ENGINEERING/Notes and PPTs/NOTES/unit 6","2025-09-23 20:45:27",405090
"Course Plan.pdf","1j7CSBLhkIuf9WoXan-rg4-osPWmmRlHl","https://drive.google.com/file/d/1j7CSBLhkIuf9WoXan-rg4-osPWmmRlHl/view?usp=drivesdk","application/pdf","/Semester 5/22CS530-ARTIFICIAL INTELLIGENCE/Course Plan","2025-11-12 10:39:17",486385
"WhatsApp Image 2024-11-10 at 23.15.41_65a37dd1.jpg","1px3XSnwyA-N50K9kzB6P8U08KgJ3HtJZ","https://drive.google.com/file/d/1px3XSnwyA-N50K9kzB6P8U08KgJ3HtJZ/view?usp=drivesdk","image/jpeg","/Semester 5/22CS530-ARTIFICIAL INTELLIGENCE/Notes and PPTs/NOTES","2025-09-23 20:41:26",823178
"WhatsApp Image 2024-10-23 at 14.09.15_664b55ea.jpg","19eWSf9r432Nk7sYBBgaDAPBtG3JsMVQK","https://drive.google.com/file/d/19eWSf9r432Nk7sYBBgaDAPBtG3JsMVQK/view?usp=drivesdk","image/jpeg","/Semester 5/22CS530-ARTIFICIAL INTELLIGENCE/Notes and PPTs/NOTES","2025-09-23 20:41:24",40362
"WhatsApp Video 2024-11-11 at 00.01.49_31c1802a.mp4","1xg_ZbeYBPRPl5DM45NHknvK7yUb6btJs","https://drive.google.com/file/d/1xg_ZbeYBPRPl5DM45NHknvK7yUb6btJs/view?usp=drivesdk","video/mp4","/Semester 5/22CS530-ARTIFICIAL INTELLIGENCE/Notes and PPTs/NOTES","2025-09-23 20:42:25",54911116
"WhatsApp Image 2024-11-10 at 22.12.33_6fa53902.jpg","19pNWlALNKy0yms_PfYQU_iSETENxICfG","https://drive.google.com/file/d/19pNWlALNKy0yms_PfYQU_iSETENxICfG/view?usp=drivesdk","image/jpeg","/Semester 5/22CS530-ARTIFICIAL INTELLIGENCE/Notes and PPTs/NOTES","2025-09-23 20:41:24",75833
"rete-soln-1.pdf","1nHYg7SN5TeVZ4ddMaP_Yf4x99uCa1FOG","https://drive.google.com/file/d/1nHYg7SN5TeVZ4ddMaP_Yf4x99uCa1FOG/view?usp=drivesdk","application/pdf","/Semester 5/22CS530-ARTIFICIAL INTELLIGENCE/Notes and PPTs/NOTES","2025-09-23 20:41:16",147260
"AI notes.pdf","1Rf7bBbFD-HkfjG4mCtSlLnOr0J8l2xqg","https://drive.google.com/file/d/1Rf7bBbFD-HkfjG4mCtSlLnOr0J8l2xqg/view?usp=drivesdk","application/pdf","/Semester 5/22CS530-ARTIFICIAL INTELLIGENCE/Notes and PPTs/NOTES","2025-09-23 20:40:49",24023012
"AI Co 2.pdf","1aKs_bJauepwMU599LUdO1MJepud_mLM7","https://drive.google.com/file/d/1aKs_bJauepwMU599LUdO1MJepud_mLM7/view?usp=drivesdk","application/pdf","/Semester 5/22CS530-ARTIFICIAL INTELLIGENCE/Notes and PPTs/NOTES","2025-09-23 20:40:42",11572763
"Gen algo.pdf","1XmGEP6cV2BFI53VB7Dg2JUmwdcu6ZdCI","https://drive.google.com/file/d/1XmGEP6cV2BFI53VB7Dg2JUmwdcu6ZdCI/view?usp=drivesdk","application/pdf","/Semester 5/22CS530-ARTIFICIAL INTELLIGENCE/Notes and PPTs/NOTES","2025-09-23 20:41:03",2452724
"Alpha.pdf","1aqoTkAlIrqCcj0zcP2bJZOEyW9aeOwjU","https://drive.google.com/file/d/1aqoTkAlIrqCcj0zcP2bJZOEyW9aeOwjU/view?usp=drivesdk","application/pdf","/Semester 5/22CS530-ARTIFICIAL INTELLIGENCE/Notes and PPTs/NOTES","2025-09-23 20:40:44",1668979
"Agent,types, intelligent agent,rational agent .pdf","1h84mUtmGMNvV_9auRxeiC_MngxDg7ddg","https://drive.google.com/file/d/1h84mUtmGMNvV_9auRxeiC_MngxDg7ddg/view?usp=drivesdk","application/pdf","/Semester 5/22CS530-ARTIFICIAL INTELLIGENCE/Notes and PPTs/NOTES","2025-09-23 20:40:40",9819551
"game theory,stostsci game (tsp),CSP.pdf","1IfEacbe0up7BGv7fpyKp7-BxXvout5jz","https://drive.google.com/file/d/1IfEacbe0up7BGv7fpyKp7-BxXvout5jz/view?usp=drivesdk","application/pdf","/Semester 5/22CS530-ARTIFICIAL INTELLIGENCE/Notes and PPTs/NOTES","2025-09-23 20:41:11",20819954
"types of environment nd prb solving techniques .pdf","1XE5ODZPC281aX3qKUFIut-ZDzIK3ZXWc","https://drive.google.com/file/d/1XE5ODZPC281aX3qKUFIut-ZDzIK3ZXWc/view?usp=drivesdk","application/pdf","/Semester 5/22CS530-ARTIFICIAL INTELLIGENCE/Notes and PPTs/NOTES","2025-09-23 20:41:23",6823859
"PEAS.pdf","1oYqpna5oaWR6Ps8u866O52fLHmRTzK-1","https://drive.google.com/file/d/1oYqpna5oaWR6Ps8u866O52fLHmRTzK-1/view?usp=drivesdk","application/pdf","/Semester 5/22CS530-ARTIFICIAL INTELLIGENCE/Notes and PPTs/NOTES","2025-09-23 20:41:11",2706968
"KR_AI_divi.pdf","19j1c9gpmDwyxDq3RdssSuMfZMxwVB-5G","https://drive.google.com/file/d/19j1c9gpmDwyxDq3RdssSuMfZMxwVB-5G/view?usp=drivesdk","application/pdf","/Semester 5/22CS530-ARTIFICIAL INTELLIGENCE/Notes and PPTs/NOTES","2025-09-23 20:41:08",2516191
"forward backward chaining divu.pdf","1rUlCpTj4GjK0EJRx55ISmHFjoDm9RHFj","https://drive.google.com/file/d/1rUlCpTj4GjK0EJRx55ISmHFjoDm9RHFj/view?usp=drivesdk","application/pdf","/Semester 5/22CS530-ARTIFICIAL INTELLIGENCE/Notes and PPTs/NOTES","2025-09-23 20:40:52",903501
"AI.pdf","1EqN32YbjIg7jVc0hgdVzwyt30Sysdquv","https://drive.google.com/file/d/1EqN32YbjIg7jVc0hgdVzwyt30Sysdquv/view?usp=drivesdk","application/pdf","/Semester 5/22CS530-ARTIFICIAL INTELLIGENCE/Notes and PPTs/NOTES","2025-09-23 20:40:42",11572763
"Bayesian network.pptx","13HZ3GIkhVBAJNv22wwCcrjhvREw0mu6Y","https://docs.google.com/presentation/d/13HZ3GIkhVBAJNv22wwCcrjhvREw0mu6Y/edit?usp=drivesdk&ouid=104497255580477485161&rtpof=true&sd=true","application/vnd.openxmlformats-officedocument.presentationml.presentation","/Semester 5/22CS530-ARTIFICIAL INTELLIGENCE/Notes and PPTs/NOTES","2025-09-23 20:40:49",102479
"Propositional Logic.pdf","16IBPCDt8JJ22OcKgQV6gvd3BHL9TKhIu","https://drive.google.com/file/d/16IBPCDt8JJ22OcKgQV6gvd3BHL9TKhIu/view?usp=drivesdk","application/pdf","/Semester 5/22CS530-ARTIFICIAL INTELLIGENCE/Notes and PPTs/NOTES","2025-09-23 20:41:12",479639
"1.pdf","15zMT5Y6DGNdM3b9VAaEwB91_ptcej5M7","https://drive.google.com/file/d/15zMT5Y6DGNdM3b9VAaEwB91_ptcej5M7/view?usp=drivesdk","application/pdf","/Semester 5/22CS530-ARTIFICIAL INTELLIGENCE/Notes and PPTs/NOTES","2025-09-23 20:40:17",55520
"Cryptarithmetic Problem.docx","1nZxnjwXUvqjv2qh3-JCWa7VqWUmVib_b","https://docs.google.com/document/d/1nZxnjwXUvqjv2qh3-JCWa7VqWUmVib_b/edit?usp=drivesdk&ouid=104497255580477485161&rtpof=true&sd=true","application/vnd.openxmlformats-officedocument.wordprocessingml.document","/Semester 5/22CS530-ARTIFICIAL INTELLIGENCE/Notes and PPTs/NOTES","2025-09-23 20:40:49",48432
"a star algorithm.docx","1PYhGAUfd7_usmwIvEvQ76jazxcjeoDqA","https://docs.google.com/document/d/1PYhGAUfd7_usmwIvEvQ76jazxcjeoDqA/edit?usp=drivesdk&ouid=104497255580477485161&rtpof=true&sd=true","application/vnd.openxmlformats-officedocument.wordprocessingml.document","/Semester 5/22CS530-ARTIFICIAL INTELLIGENCE/Notes and PPTs/NOTES","2025-09-23 20:40:18",77370
"Simulated Annealing.pptx","1ESkxPPCv0HDE14KHejbhPnMrvEsYDGDL","https://docs.google.com/presentation/d/1ESkxPPCv0HDE14KHejbhPnMrvEsYDGDL/edit?usp=drivesdk&ouid=104497255580477485161&rtpof=true&sd=true","application/vnd.openxmlformats-officedocument.presentationml.presentation","/Semester 5/22CS530-ARTIFICIAL INTELLIGENCE/Notes and PPTs/NOTES","2025-09-23 20:41:18",257417
"reinforcement1.pdf","1xBv558nmRTNKuMzfU2p50Et-u0E_PCZl","https://drive.google.com/file/d/1xBv558nmRTNKuMzfU2p50Et-u0E_PCZl/view?usp=drivesdk","application/pdf","/Semester 5/22CS530-ARTIFICIAL INTELLIGENCE/Notes and PPTs/NOTES","2025-09-23 20:41:15",218316
"intelligent agent.pdf","1iOQKxGFtpFqqOcT9LUZArglsOnKfSd75","https://drive.google.com/file/d/1iOQKxGFtpFqqOcT9LUZArglsOnKfSd75/view?usp=drivesdk","application/pdf","/Semester 5/22CS530-ARTIFICIAL INTELLIGENCE/Notes and PPTs/NOTES","2025-09-23 20:41:03",801365
"STRIPS - Introduction & Planning for Blocks World Problem.pdf","1HbXbz_YxP-iVe10pxzEpotcJGNf2dB99","https://drive.google.com/file/d/1HbXbz_YxP-iVe10pxzEpotcJGNf2dB99/view?usp=drivesdk","application/pdf","/Semester 5/22CS530-ARTIFICIAL INTELLIGENCE/Notes and PPTs/NOTES","2025-09-23 20:41:19",426906
"important-questions-for-semester-exams-6.pdf","1vTFNAiElB7UU2ChAMt8wQigFoSrz7DAA","https://drive.google.com/file/d/1vTFNAiElB7UU2ChAMt8wQigFoSrz7DAA/view?usp=drivesdk","application/pdf","/Semester 5/22CS530-ARTIFICIAL INTELLIGENCE/Notes and PPTs/NOTES","2025-09-23 20:41:02",1051405
"reinforcement learning-1.pdf","11CQZqhwMHOKtV_-tuybxa6KW0I3ZrFeI","https://drive.google.com/file/d/11CQZqhwMHOKtV_-tuybxa6KW0I3ZrFeI/view?usp=drivesdk","application/pdf","/Semester 5/22CS530-ARTIFICIAL INTELLIGENCE/Notes and PPTs/NOTES","2025-09-23 20:41:14",157380
"Temporal Difference Learning-1.pdf","1vaNPIDnVgVi9InLzRcxi84fMDwt4xgQC","https://drive.google.com/file/d/1vaNPIDnVgVi9InLzRcxi84fMDwt4xgQC/view?usp=drivesdk","application/pdf","/Semester 5/22CS530-ARTIFICIAL INTELLIGENCE/Notes and PPTs/NOTES","2025-09-23 20:41:20",563719
"Ant Colonising Algorithm.pdf","150tuwrPb_0li47DhiY6Yhd35aTsY8CAC","https://drive.google.com/file/d/150tuwrPb_0li47DhiY6Yhd35aTsY8CAC/view?usp=drivesdk","application/pdf","/Semester 5/22CS530-ARTIFICIAL INTELLIGENCE/Notes and PPTs/NOTES","2025-09-23 20:40:45",137173
"Water Jug Problem.pdf","1sGTuLL8ezIC8kr99q5-mQjG0ENhsVvb9","https://drive.google.com/file/d/1sGTuLL8ezIC8kr99q5-mQjG0ENhsVvb9/view?usp=drivesdk","application/pdf","/Semester 5/22CS530-ARTIFICIAL INTELLIGENCE/Notes and PPTs/NOTES","2025-09-23 20:41:22",19773
"RBS_RETE Algorithm.pdf","1zAYTaG2tgab2bRkQlzXQ0-3xc-oM9a0K","https://drive.google.com/file/d/1zAYTaG2tgab2bRkQlzXQ0-3xc-oM9a0K/view?usp=drivesdk","application/pdf","/Semester 5/22CS530-ARTIFICIAL INTELLIGENCE/Notes and PPTs/NOTES","2025-09-23 20:41:14",530705
"Game theory.pdf","12x8hzqMnt4jL6lMruIEJa38y_QHBuAY7","https://drive.google.com/file/d/12x8hzqMnt4jL6lMruIEJa38y_QHBuAY7/view?usp=drivesdk","application/pdf","/Semester 5/22CS530-ARTIFICIAL INTELLIGENCE/Notes and PPTs/NOTES","2025-09-23 20:40:53",391491
"Probabilistic reasoning over time.pdf","1vpSCAwpwBuQHmSqNHtUqYwHZAsbH084w","https://drive.google.com/file/d/1vpSCAwpwBuQHmSqNHtUqYwHZAsbH084w/view?usp=drivesdk","application/pdf","/Semester 5/22CS530-ARTIFICIAL INTELLIGENCE/Notes and PPTs/NOTES","2025-09-23 20:41:10",119381
"Simulated annealing.pdf","1HOVCmqYlClWqmUw8WBZNKoBz6ptBbXdk","https://drive.google.com/file/d/1HOVCmqYlClWqmUw8WBZNKoBz6ptBbXdk/view?usp=drivesdk","application/pdf","/Semester 5/22CS530-ARTIFICIAL INTELLIGENCE/Notes and PPTs/NOTES","2025-09-23 20:41:17",215232
"Genetic Algorithm.pdf","1KmPGKla1tGr6KSvWD9yzbIUDKN5TqMut","https://drive.google.com/file/d/1KmPGKla1tGr6KSvWD9yzbIUDKN5TqMut/view?usp=drivesdk","application/pdf","/Semester 5/22CS530-ARTIFICIAL INTELLIGENCE/Notes and PPTs/NOTES","2025-09-23 20:40:59",246546
"Autoencoders.pdf","1kDigmN-xadScZVPbj-P3pS7a6HqNydUt","https://drive.google.com/file/d/1kDigmN-xadScZVPbj-P3pS7a6HqNydUt/view?usp=drivesdk","application/pdf","/Semester 5/22CS530-ARTIFICIAL INTELLIGENCE/Notes and PPTs/NOTES","2025-09-23 20:40:46",228881
"nbayes_example.pdf","1coQ1Alf_0iw64lYJQt_PN4EZZ5q5KkD6","https://drive.google.com/file/d/1coQ1Alf_0iw64lYJQt_PN4EZZ5q5KkD6/view?usp=drivesdk","application/pdf","/Semester 5/22CS530-ARTIFICIAL INTELLIGENCE/Notes and PPTs/NOTES","2025-09-23 20:41:07",276280
"Knowledge Representation.pptx","1rq2sRUlWX1TcoaI3NEGvj2RCKNG1mYDT","https://docs.google.com/presentation/d/1rq2sRUlWX1TcoaI3NEGvj2RCKNG1mYDT/edit?usp=drivesdk&ouid=104497255580477485161&rtpof=true&sd=true","application/vnd.openxmlformats-officedocument.presentationml.presentation","/Semester 5/22CS530-ARTIFICIAL INTELLIGENCE/Notes and PPTs/NOTES","2025-09-23 20:41:05",39642
"uncertain knowledge and reasoning.pptx","1TI4WY_yYS-ZWxsZ-Y2fC__4iayCcQaBY","https://docs.google.com/presentation/d/1TI4WY_yYS-ZWxsZ-Y2fC__4iayCcQaBY/edit?usp=drivesdk&ouid=104497255580477485161&rtpof=true&sd=true","application/vnd.openxmlformats-officedocument.presentationml.presentation","/Semester 5/22CS530-ARTIFICIAL INTELLIGENCE/Notes and PPTs/NOTES","2025-09-23 20:41:20",49098
"Learning.pdf","11Y4UXz3k3XFJ4Ye2_MmyoprWSyU0AIVs","https://drive.google.com/file/d/11Y4UXz3k3XFJ4Ye2_MmyoprWSyU0AIVs/view?usp=drivesdk","application/pdf","/Semester 5/22CS530-ARTIFICIAL INTELLIGENCE/Notes and PPTs/NOTES","2025-09-23 20:41:07",402074
"Full joint.pdf","1A4i7eNlG8CsbBJEyVcMuYKGqb-KwNJ47","https://drive.google.com/file/d/1A4i7eNlG8CsbBJEyVcMuYKGqb-KwNJ47/view?usp=drivesdk","application/pdf","/Semester 5/22CS530-ARTIFICIAL INTELLIGENCE/Notes and PPTs/NOTES","2025-09-23 20:40:52",129521
"Uncertainity Knowledge.pdf","1Q3Kvnw7Mpv6l4QoVKtxxY4prP8bHKyA_","https://drive.google.com/file/d/1Q3Kvnw7Mpv6l4QoVKtxxY4prP8bHKyA_/view?usp=drivesdk","application/pdf","/Semester 5/22CS530-ARTIFICIAL INTELLIGENCE/Notes and PPTs/NOTES","2025-09-23 20:41:21",149865
"Q - learning.pdf","1cO7TJvJBnKrb1yLGdcBwY-WYqEX01io1","https://drive.google.com/file/d/1cO7TJvJBnKrb1yLGdcBwY-WYqEX01io1/view?usp=drivesdk","application/pdf","/Semester 5/22CS530-ARTIFICIAL INTELLIGENCE/Notes and PPTs/NOTES","2025-09-23 20:41:14",660467
"Bayesian networks.pdf","1kT-n_EaphnoHnGObeWYshnjm7PqfmqR3","https://drive.google.com/file/d/1kT-n_EaphnoHnGObeWYshnjm7PqfmqR3/view?usp=drivesdk","application/pdf","/Semester 5/22CS530-ARTIFICIAL INTELLIGENCE/Notes and PPTs/NOTES","2025-09-23 20:40:50",172737
"Course Plan.pdf","18XFee3WaXOpTsD_0gcoDNMol7xWhwsLC","https://drive.google.com/file/d/18XFee3WaXOpTsD_0gcoDNMol7xWhwsLC/view?usp=drivesdk","application/pdf","/Semester 5/22CS520-THEORY OF COMPUTATION/Course Plan","2025-11-12 10:37:51",386382
"Blue Gradient Modern Illustration Computer Presentation (1).pdf","1QXDUsy0AQs5pMrAP-_lTNjLGB14pNly_","https://drive.google.com/file/d/1QXDUsy0AQs5pMrAP-_lTNjLGB14pNly_/view?usp=drivesdk","application/pdf","/Semester 5/22CS520-THEORY OF COMPUTATION/Notes and PPTs/NOTES","2025-09-23 20:43:24",12038835
"TOC.pdf","1FXzBwjf3R9tVQTJ2HbTSIjlxzdbG7Hfr","https://drive.google.com/file/d/1FXzBwjf3R9tVQTJ2HbTSIjlxzdbG7Hfr/view?usp=drivesdk","application/pdf","/Semester 5/22CS520-THEORY OF COMPUTATION/Notes and PPTs/NOTES","2025-09-23 20:43:32",28489126
"Course Plan.pdf","1QFwvl0Fn73S77XG6B8aXUh5VyARIXSva","https://drive.google.com/file/d/1QFwvl0Fn73S77XG6B8aXUh5VyARIXSva/view?usp=drivesdk","application/pdf","/Semester 5/22CS510-MODELLING AND OPTIMIZATION/Course Plan","2025-11-12 10:36:59",468802
"J K SHARMA.pdf","1y6pncNZ8as3L1EXadmxEXEvyYulKaWd4","https://drive.google.com/file/d/1y6pncNZ8as3L1EXadmxEXEvyYulKaWd4/view?usp=drivesdk","application/pdf","/Semester 5/22CS510-MODELLING AND OPTIMIZATION/Books","2025-09-23 20:42:55",25873967
"CO6-Material.pdf","1B3q8xFISMoqr1-dpOhClMI9hoSLVngbb","https://drive.google.com/file/d/1B3q8xFISMoqr1-dpOhClMI9hoSLVngbb/view?usp=drivesdk","application/pdf","/Semester 5/22CS510-MODELLING AND OPTIMIZATION/Notes and PPTs","2025-09-23 20:42:44",8273671
"22CS510 - ASSIGNMENT - 2 .pdf","1MG5o22JgvTak4DrO4_zxEZLmVg8LeX7y","https://drive.google.com/file/d/1MG5o22JgvTak4DrO4_zxEZLmVg8LeX7y/view?usp=drivesdk","application/pdf","/Semester 5/22CS510-MODELLING AND OPTIMIZATION/Notes and PPTs/NOTES","2025-09-23 20:42:33",256689
"ash notes 2maths.pdf","1-j8ZofdajGXdhXTuaAmRlNxv89Y5xnZC","https://drive.google.com/file/d/1-j8ZofdajGXdhXTuaAmRlNxv89Y5xnZC/view?usp=drivesdk","application/pdf","/Semester 5/22CS510-MODELLING AND OPTIMIZATION/Notes and PPTs/NOTES","2025-09-23 20:42:35",1209248
"ash notes maths.pdf","18-8t6f7IuPTg4K-9abSExxCMaUlh7NOB","https://drive.google.com/file/d/18-8t6f7IuPTg4K-9abSExxCMaUlh7NOB/view?usp=drivesdk","application/pdf","/Semester 5/22CS510-MODELLING AND OPTIMIZATION/Notes and PPTs/NOTES","2025-09-23 20:42:48",23176845
"Copy of Assignment_2-RabbitMq.pdf","1sxSQqfEkDS03fr_9IPRY6LSWqeipkFG1","https://drive.google.com/file/d/1sxSQqfEkDS03fr_9IPRY6LSWqeipkFG1/view?usp=drivesdk","application/pdf","/Semester 7/22CSRF0-SCALABLE MICROSERVICES/Notes and PPTs","2025-10-02 19:57:20",1325573
"Copy of 22C022 Scalable Assignment 3.pdf","1wsJBtlpFzKskPb5yMP01Xi9Vkbv4V99p","https://drive.google.com/file/d/1wsJBtlpFzKskPb5yMP01Xi9Vkbv4V99p/view?usp=drivesdk","application/pdf","/Semester 7/22CSRF0-SCALABLE MICROSERVICES/Notes and PPTs","2025-10-02 19:57:20",2792510
"Copy of Event Driven Service Topologies.pdf","13tjCHKz4Xqv03EYGxFVGATMMMi0yTr3g","https://drive.google.com/file/d/13tjCHKz4Xqv03EYGxFVGATMMMi0yTr3g/view?usp=drivesdk","application/pdf","/Semester 7/22CSRF0-SCALABLE MICROSERVICES/Notes and PPTs","2025-10-02 19:57:14",1966973
"Copy of Eventdriven vs Requestdriven.docx","19gPbCIn-ynA5n1Hyp7-qsZR70nVU3mQh","https://docs.google.com/document/d/19gPbCIn-ynA5n1Hyp7-qsZR70nVU3mQh/edit?usp=drivesdk&ouid=104497255580477485161&rtpof=true&sd=true","application/vnd.openxmlformats-officedocument.wordprocessingml.document","/Semester 7/22CSRF0-SCALABLE MICROSERVICES/Notes and PPTs","2025-10-02 19:57:14",67027
"Copy of Message Patterns.pdf","1Dz8V9zxczNX7H6w2YP4XPQZicW5WpZWK","https://drive.google.com/file/d/1Dz8V9zxczNX7H6w2YP4XPQZicW5WpZWK/view?usp=drivesdk","application/pdf","/Semester 7/22CSRF0-SCALABLE MICROSERVICES/Notes and PPTs","2025-10-02 19:57:14",3030958
"Copy of Message_Broker.docx","1EkZ2MPW3Y-0iXDdJ1KWEqhoB7pIKNSIh","https://docs.google.com/document/d/1EkZ2MPW3Y-0iXDdJ1KWEqhoB7pIKNSIh/edit?usp=drivesdk&ouid=104497255580477485161&rtpof=true&sd=true","application/vnd.openxmlformats-officedocument.wordprocessingml.document","/Semester 7/22CSRF0-SCALABLE MICROSERVICES/Notes and PPTs","2025-10-02 19:57:14",376924
"Copy of DDD.pdf","1FnHL4FyVObkdrfJWrpS1QhkE7_0WPH8a","https://drive.google.com/file/d/1FnHL4FyVObkdrfJWrpS1QhkE7_0WPH8a/view?usp=drivesdk","application/pdf","/Semester 7/22CSRF0-SCALABLE MICROSERVICES/Notes and PPTs","2025-10-02 19:57:14",2234618
"Copy of Message protocols.docx","1Mf2UXDT97fMKf_LRmdGIKxk21s2_w4Cy","https://docs.google.com/document/d/1Mf2UXDT97fMKf_LRmdGIKxk21s2_w4Cy/edit?usp=drivesdk&ouid=104497255580477485161&rtpof=true&sd=true","application/vnd.openxmlformats-officedocument.wordprocessingml.document","/Semester 7/22CSRF0-SCALABLE MICROSERVICES/Notes and PPTs","2025-10-02 19:57:14",922917
"Copy of basics_of_conainerization.docx","1U-CMUUMZaZolJyPP40LhO_9x31wmmCpM","https://docs.google.com/document/d/1U-CMUUMZaZolJyPP40LhO_9x31wmmCpM/edit?usp=drivesdk&ouid=104497255580477485161&rtpof=true&sd=true","application/vnd.openxmlformats-officedocument.wordprocessingml.document","/Semester 7/22CSRF0-SCALABLE MICROSERVICES/Notes and PPTs","2025-10-02 19:57:14",316223
"Copy of Ephemeral, Durable.pdf","1r1Qpjm9cYYVeZDpNqq_rYn9XXVj-yR8o","https://drive.google.com/file/d/1r1Qpjm9cYYVeZDpNqq_rYn9XXVj-yR8o/view?usp=drivesdk","application/pdf","/Semester 7/22CSRF0-SCALABLE MICROSERVICES/Notes and PPTs","2025-10-02 19:57:14",3343048
"Copy of CO1 Microservices, Monolithic.pdf","1sk_NqWZ9p2mitSaBxalhlZW4wYg2zyNi","https://drive.google.com/file/d/1sk_NqWZ9p2mitSaBxalhlZW4wYg2zyNi/view?usp=drivesdk","application/pdf","/Semester 7/22CSRF0-SCALABLE MICROSERVICES/Notes and PPTs","2025-10-02 19:57:14",4606028
"Copy of DDD architecture.pdf","1z9PoPAFZzBD-FqSLkYTYIqVqJdciFBNg","https://drive.google.com/file/d/1z9PoPAFZzBD-FqSLkYTYIqVqJdciFBNg/view?usp=drivesdk","application/pdf","/Semester 7/22CSRF0-SCALABLE MICROSERVICES/Notes and PPTs","2025-10-02 19:57:14",7112740
"Copy of NOTES 1.jpg","12HWACUlgIZQ1TPlC4jucEqicu4DOIiUV","https://drive.google.com/file/d/12HWACUlgIZQ1TPlC4jucEqicu4DOIiUV/view?usp=drivesdk","image/jpeg","/Semester 7/22CSRF0-SCALABLE MICROSERVICES/Notes and PPTs","2025-10-02 19:57:06",891982
"Copy of NOTES 2.jpg","15-QP-9tpSlX5hu4nTL6KX2FXKYiyVFqP","https://drive.google.com/file/d/15-QP-9tpSlX5hu4nTL6KX2FXKYiyVFqP/view?usp=drivesdk","image/jpeg","/Semester 7/22CSRF0-SCALABLE MICROSERVICES/Notes and PPTs","2025-10-02 19:57:06",591945
"Copy of Scalable Eve CAT 1.pdf","1Dym42mwCB3pNw1KifvKUuT6eR9u0abnO","https://drive.google.com/file/d/1Dym42mwCB3pNw1KifvKUuT6eR9u0abnO/view?usp=drivesdk","application/pdf","/Semester 7/22CSRF0-SCALABLE MICROSERVICES/Notes and PPTs","2025-10-02 19:57:06",11205682
"Copy of Topology.docx","1MD8GqH6k3zDWZPxMheDiGX4glbzoAq7v","https://docs.google.com/document/d/1MD8GqH6k3zDWZPxMheDiGX4glbzoAq7v/edit?usp=drivesdk&ouid=104497255580477485161&rtpof=true&sd=true","application/vnd.openxmlformats-officedocument.wordprocessingml.document","/Semester 7/22CSRF0-SCALABLE MICROSERVICES/Notes and PPTs","2025-10-02 19:57:06",575599
"Copy of N-Tier Architectures.docx","1N_1AvdB4CkWLaAz2e7Xfri7yd6xyBzfp","https://docs.google.com/document/d/1N_1AvdB4CkWLaAz2e7Xfri7yd6xyBzfp/edit?usp=drivesdk&ouid=104497255580477485161&rtpof=true&sd=true","application/vnd.openxmlformats-officedocument.wordprocessingml.document","/Semester 7/22CSRF0-SCALABLE MICROSERVICES/Notes and PPTs","2025-10-02 19:57:06",608363
"Copy of N-tier Architecture.ppt","1Of281A9uwBi6THLlRolhkaLOqQEdz-yP","https://docs.google.com/presentation/d/1Of281A9uwBi6THLlRolhkaLOqQEdz-yP/edit?usp=drivesdk&ouid=104497255580477485161&rtpof=true&sd=true","application/vnd.ms-powerpoint","/Semester 7/22CSRF0-SCALABLE MICROSERVICES/Notes and PPTs","2025-10-02 19:57:06",1404928
"Copy of Scalable Athithyan CAT 1.pdf","1cGs9PpB8i1PdBjWqV1NX2YGFnNqKq8rh","https://drive.google.com/file/d/1cGs9PpB8i1PdBjWqV1NX2YGFnNqKq8rh/view?usp=drivesdk","application/pdf","/Semester 7/22CSRF0-SCALABLE MICROSERVICES/Notes and PPTs","2025-10-02 19:57:06",23229240
"Copy of Reactive_systems.doc","1kuqepf4QxNvRegE4S317RN_s4VXQFakP","https://docs.google.com/document/d/1kuqepf4QxNvRegE4S317RN_s4VXQFakP/edit?usp=drivesdk&ouid=104497255580477485161&rtpof=true&sd=true","application/msword","/Semester 7/22CSRF0-SCALABLE MICROSERVICES/Notes and PPTs","2025-10-02 19:57:06",32768
"Copy of Pub-sub.doc","1ugEvujeh0qQwD6PLlc-Erp5KfM34I0sT","https://docs.google.com/document/d/1ugEvujeh0qQwD6PLlc-Erp5KfM34I0sT/edit?usp=drivesdk&ouid=104497255580477485161&rtpof=true&sd=true","application/msword","/Semester 7/22CSRF0-SCALABLE MICROSERVICES/Notes and PPTs","2025-10-02 19:57:06",242176
"Copy of Business process automation syllabus.pdf","1Tau2Frqs493B85aCtb19DpUsUU0aYbvf","https://drive.google.com/file/d/1Tau2Frqs493B85aCtb19DpUsUU0aYbvf/view?usp=drivesdk","application/pdf","/Semester 7/22CSRL0-BUSINESS PROCESS AUTOMATION/Course Plan","2025-10-02 19:55:28",1908018
"Copy of BPA Athithyan CAT 1.pdf","1pAIw5FH97xNb8NCRLrxWe3jgcSJ3vXAD","https://drive.google.com/file/d/1pAIw5FH97xNb8NCRLrxWe3jgcSJ3vXAD/view?usp=drivesdk","application/pdf","/Semester 7/22CSRL0-BUSINESS PROCESS AUTOMATION/Question Papers","2025-10-02 19:55:28",25226193
"Copy of BPA-RPA - CAT_1 - QP.pdf","1t5cI50a3OMYKBXm7eG_ae6WefSt7X2LE","https://drive.google.com/file/d/1t5cI50a3OMYKBXm7eG_ae6WefSt7X2LE/view?usp=drivesdk","application/pdf","/Semester 7/22CSRL0-BUSINESS PROCESS AUTOMATION/Question Papers","2025-10-02 19:55:28",474723
"Copy of BPA BOOK PART 1.pdf","15ciK1nyFOqKr1SdpkQHJtWp_pYTe5vP9","https://drive.google.com/file/d/15ciK1nyFOqKr1SdpkQHJtWp_pYTe5vP9/view?usp=drivesdk","application/pdf","/Semester 7/22CSRL0-BUSINESS PROCESS AUTOMATION/Books","2025-10-02 19:55:28",179187082
"Copy of BPA BOOK PART 2.pdf","1qBxn5fw6XnEEE02pXK38vjVbLQJD0QO-","https://drive.google.com/file/d/1qBxn5fw6XnEEE02pXK38vjVbLQJD0QO-/view?usp=drivesdk","application/pdf","/Semester 7/22CSRL0-BUSINESS PROCESS AUTOMATION/Books","2025-10-02 19:55:28",14232584
"Copy of RPA_Notes-ref2.pdf","1G9uFNMUpLeJ7b-q7PMMuaQKOJFvJwooR","https://drive.google.com/file/d/1G9uFNMUpLeJ7b-q7PMMuaQKOJFvJwooR/view?usp=drivesdk","application/pdf","/Semester 7/22CSRL0-BUSINESS PROCESS AUTOMATION/Notes and PPTs","2025-10-02 19:55:33",7552744
"Copy of EXP 2.pdf","1IB2LVlY5G6kjRE3e9BI-rvGBUDCK_8oy","https://drive.google.com/file/d/1IB2LVlY5G6kjRE3e9BI-rvGBUDCK_8oy/view?usp=drivesdk","application/pdf","/Semester 7/22CSRL0-BUSINESS PROCESS AUTOMATION/Notes and PPTs","2025-10-02 19:55:28",4523912
"Copy of BPA Eve CAT 1.pdf","1PqXbyQZKTIl8g9KMmBPnIkBM8g2wwGml","https://drive.google.com/file/d/1PqXbyQZKTIl8g9KMmBPnIkBM8g2wwGml/view?usp=drivesdk","application/pdf","/Semester 7/22CSRL0-BUSINESS PROCESS AUTOMATION/Notes and PPTs","2025-10-02 19:55:28",4954108
"Copy of EXP 4.pdf","1frV8WT9hJ1-lmuEWhvmQ-A1jH540YJ8R","https://drive.google.com/file/d/1frV8WT9hJ1-lmuEWhvmQ-A1jH540YJ8R/view?usp=drivesdk","application/pdf","/Semester 7/22CSRL0-BUSINESS PROCESS AUTOMATION/Notes and PPTs","2025-10-02 19:55:28",4253959
"Copy of EXP 3.pdf","1imNeR_hfyaAlglvF7GThUjDYslvifEcC","https://drive.google.com/file/d/1imNeR_hfyaAlglvF7GThUjDYslvifEcC/view?usp=drivesdk","application/pdf","/Semester 7/22CSRL0-BUSINESS PROCESS AUTOMATION/Notes and PPTs","2025-10-02 19:55:28",4145553
"Copy of EXP 1.pdf","1thTAsKZbfPLrxnvdwjlakE1l05Qx_iJ9","https://drive.google.com/file/d/1thTAsKZbfPLrxnvdwjlakE1l05Qx_iJ9/view?usp=drivesdk","application/pdf","/Semester 7/22CSRL0-BUSINESS PROCESS AUTOMATION/Notes and PPTs","2025-10-02 19:55:28",4416277
"Copy of Autonomous Athithyan CAT 1.pdf","18nqpXh_jsrB0f-8Yeb3TOsPO4Z1T15A-","https://drive.google.com/file/d/18nqpXh_jsrB0f-8Yeb3TOsPO4Z1T15A-/view?usp=drivesdk","application/pdf","/Semester 7/22CSPV0-AUTONOMOUS SYSTEMS/Notes and PPTs","2025-10-02 19:54:24",22290541
"Copy of Autonomous Eve CAT 1 PART 1.pdf","1Yp59J8F9U2hp9RGton7qOR7rFYbuJ0vi","https://drive.google.com/file/d/1Yp59J8F9U2hp9RGton7qOR7rFYbuJ0vi/view?usp=drivesdk","application/pdf","/Semester 7/22CSPV0-AUTONOMOUS SYSTEMS/Notes and PPTs","2025-10-02 19:54:24",3874251
"Copy of Autonomous Eve CAT 1 PART 2.pdf","1gVLXsyBHSfjwLKF06Ere_qmynDuwdpS8","https://drive.google.com/file/d/1gVLXsyBHSfjwLKF06Ere_qmynDuwdpS8/view?usp=drivesdk","application/pdf","/Semester 7/22CSPV0-AUTONOMOUS SYSTEMS/Notes and PPTs","2025-10-02 19:54:24",3431102
"Copy of DoF.pptx","1ifEZJpeuF8epSObm1_deJd6adIPQg-Wj","https://docs.google.com/presentation/d/1ifEZJpeuF8epSObm1_deJd6adIPQg-Wj/edit?usp=drivesdk&ouid=104497255580477485161&rtpof=true&sd=true","application/vnd.openxmlformats-officedocument.presentationml.presentation","/Semester 7/22CSPV0-AUTONOMOUS SYSTEMS/Notes and PPTs","2025-10-02 19:54:24",49408
"Copy of Autonomous Eve CAT 1 PART 1","1jL0RFpRhmxoEyq8-UQhS3qDX_hInt4lpPBJ3bMNUtog","https://docs.google.com/document/d/1jL0RFpRhmxoEyq8-UQhS3qDX_hInt4lpPBJ3bMNUtog/edit?usp=drivesdk","application/vnd.google-apps.document","/Semester 7/22CSPV0-AUTONOMOUS SYSTEMS/Notes and PPTs","2025-10-02 19:54:24",100224
"Copy of PATH ALGORITHM.pptx","1nwBSHdTgBHdHQKUlW9a13XgZa8vJbqFj","https://docs.google.com/presentation/d/1nwBSHdTgBHdHQKUlW9a13XgZa8vJbqFj/edit?usp=drivesdk&ouid=104497255580477485161&rtpof=true&sd=true","application/vnd.openxmlformats-officedocument.presentationml.presentation","/Semester 7/22CSPV0-AUTONOMOUS SYSTEMS/Notes and PPTs","2025-10-02 19:54:24",69066
"Copy of 22CSPV0_Autonomous_systems_Syllabus.pdf","15wpgDaYGtxSDoxh4cNDiYoaLIRsCefHL","https://drive.google.com/file/d/15wpgDaYGtxSDoxh4cNDiYoaLIRsCefHL/view?usp=drivesdk","application/pdf","/Semester 7/22CSPV0-AUTONOMOUS SYSTEMS/Notes and PPTs","2025-10-02 19:54:20",465456
"Copy of Autonomous Athithyan CAT 1","1I3GyvNBB3aGQA0jI1B7Qux-uexFawM2Y0m9NIX4qQCI","https://docs.google.com/document/d/1I3GyvNBB3aGQA0jI1B7Qux-uexFawM2Y0m9NIX4qQCI/edit?usp=drivesdk","application/vnd.google-apps.document","/Semester 7/22CSPV0-AUTONOMOUS SYSTEMS/Notes and PPTs","2025-10-02 19:54:20",107024
"Copy of Autonomous Athithyan CAT 1.pdf","1-Z1EhZxEzfb_yIf_mLUP8uW2j-N9GBTZ","https://drive.google.com/file/d/1-Z1EhZxEzfb_yIf_mLUP8uW2j-N9GBTZ/view?usp=drivesdk","application/pdf","/Semester 7/22CSPV0-AUTONOMOUS SYSTEMS/Notes and PPTs","2025-10-02 19:54:12",22290541
"Copy of Autonomous Eve CAT 1 PART 2.pdf","1BCtIN172tkg9b4lvMwHP70tZqBc-vtpe","https://drive.google.com/file/d/1BCtIN172tkg9b4lvMwHP70tZqBc-vtpe/view?usp=drivesdk","application/pdf","/Semester 7/22CSPV0-AUTONOMOUS SYSTEMS/Notes and PPTs","2025-10-02 19:54:12",3431102
"Copy of PATH ALGORITHM.pptx","1SnJzaA2hCM3h96iHutq1wJeayX2vQYwB","https://docs.google.com/presentation/d/1SnJzaA2hCM3h96iHutq1wJeayX2vQYwB/edit?usp=drivesdk&ouid=104497255580477485161&rtpof=true&sd=true","application/vnd.openxmlformats-officedocument.presentationml.presentation","/Semester 7/22CSPV0-AUTONOMOUS SYSTEMS/Notes and PPTs","2025-10-02 19:54:12",69066
"Copy of 22CSPV0_Autonomous_systems_Syllabus.pdf","1Zk9fWXHISynjW57tFNRfihnWNQRG8Poo","https://drive.google.com/file/d/1Zk9fWXHISynjW57tFNRfihnWNQRG8Poo/view?usp=drivesdk","application/pdf","/Semester 7/22CSPV0-AUTONOMOUS SYSTEMS/Notes and PPTs","2025-10-02 19:54:12",465456
"Copy of Autonomous Eve CAT 1 PART 1.pdf","1_zVxXZUr36Ts8I7ih_vHgAryseH1jjGF","https://drive.google.com/file/d/1_zVxXZUr36Ts8I7ih_vHgAryseH1jjGF/view?usp=drivesdk","application/pdf","/Semester 7/22CSPV0-AUTONOMOUS SYSTEMS/Notes and PPTs","2025-10-02 19:54:12",3874251
"Copy of DoF.pptx","1c336gsjPSzvlA8l4WKYQIElI81vSH466","https://docs.google.com/presentation/d/1c336gsjPSzvlA8l4WKYQIElI81vSH466/edit?usp=drivesdk&ouid=104497255580477485161&rtpof=true&sd=true","application/vnd.openxmlformats-officedocument.presentationml.presentation","/Semester 7/22CSPV0-AUTONOMOUS SYSTEMS/Notes and PPTs","2025-10-02 19:54:12",49408
"Copy of Autonomous Eve CAT 1 PART 1","1gGNu5Ji9n8BsDxaSWoq5Obg1IYgzzMk7McGyB-a3BTw","https://docs.google.com/document/d/1gGNu5Ji9n8BsDxaSWoq5Obg1IYgzzMk7McGyB-a3BTw/edit?usp=drivesdk","application/vnd.google-apps.document","/Semester 7/22CSPV0-AUTONOMOUS SYSTEMS/Notes and PPTs","2025-10-02 19:54:12",100224
"Copy of Autonomous Athithyan CAT 1","1n7Cl_PXvNcuh8bOGNkhdC6yGHdC99aXO4l7SfHU_e-E","https://docs.google.com/document/d/1n7Cl_PXvNcuh8bOGNkhdC6yGHdC99aXO4l7SfHU_e-E/edit?usp=drivesdk","application/vnd.google-apps.document","/Semester 7/22CSPV0-AUTONOMOUS SYSTEMS/Notes and PPTs","2025-10-02 19:54:12",107024
"Course Plan.pdf","197LlmEzgoondNW6OCcqeZpmkpnF98pV2","https://drive.google.com/file/d/197LlmEzgoondNW6OCcqeZpmkpnF98pV2/view?usp=drivesdk","application/pdf","/Semester 7/22CS720-HUMAN COMPUTER INTERACTION/Course Plan","2025-11-12 10:49:59",389736
"Copy of 22C022 HCI ASSIGNMENT 2.pdf","1GeblhyX19G2QKmKW4Kplcrq3nRm-wl-4","https://drive.google.com/file/d/1GeblhyX19G2QKmKW4Kplcrq3nRm-wl-4/view?usp=drivesdk","application/pdf","/Semester 7/22CS720-HUMAN COMPUTER INTERACTION/Notes and PPTs","2025-10-02 17:25:14",179129
"Copy of HCI Eve CAT 1.pdf","1JpRvUj2Vhaj50skjqOZvDGmGs4MRqBh0","https://drive.google.com/file/d/1JpRvUj2Vhaj50skjqOZvDGmGs4MRqBh0/view?usp=drivesdk","application/pdf","/Semester 7/22CS720-HUMAN COMPUTER INTERACTION/Notes and PPTs","2025-10-02 17:25:14",5226123
"Copy of design - hci-co3.pptx","1RMDjDj5kXqHvTdjyARn7U-ThdWNQSIkD","https://docs.google.com/presentation/d/1RMDjDj5kXqHvTdjyARn7U-ThdWNQSIkD/edit?usp=drivesdk&ouid=104497255580477485161&rtpof=true&sd=true","application/vnd.openxmlformats-officedocument.presentationml.presentation","/Semester 7/22CS720-HUMAN COMPUTER INTERACTION/Notes and PPTs","2025-10-02 17:25:14",22606148
"Copy of Requirements - HCI-CO2.pptx","1WiqFR-3CCfDEJkbM9hyrnGklxwvDKSP6","https://docs.google.com/presentation/d/1WiqFR-3CCfDEJkbM9hyrnGklxwvDKSP6/edit?usp=drivesdk&ouid=104497255580477485161&rtpof=true&sd=true","application/vnd.openxmlformats-officedocument.presentationml.presentation","/Semester 7/22CS720-HUMAN COMPUTER INTERACTION/Notes and PPTs","2025-10-02 17:25:14",4724713
"Copy of HCI Introduction.pdf","1XNJ8rOMelyfjC-A57cZIQRsjlqR92a4-","https://drive.google.com/file/d/1XNJ8rOMelyfjC-A57cZIQRsjlqR92a4-/view?usp=drivesdk","application/pdf","/Semester 7/22CS720-HUMAN COMPUTER INTERACTION/Notes and PPTs","2025-10-02 17:25:14",11184590
"Copy of foundations-hci-CO1.pptx","1aklD8a3NVYGOnoNmJh9AJTfgPftjpAj9","https://docs.google.com/presentation/d/1aklD8a3NVYGOnoNmJh9AJTfgPftjpAj9/edit?usp=drivesdk&ouid=104497255580477485161&rtpof=true&sd=true","application/vnd.openxmlformats-officedocument.presentationml.presentation","/Semester 7/22CS720-HUMAN COMPUTER INTERACTION/Notes and PPTs","2025-10-02 17:25:14",1868929
"Copy of HCI_Alan_Dix.pdf","1iZBQsiftWbvdL5Zpp6eeypWTbE58vsaN","https://drive.google.com/file/d/1iZBQsiftWbvdL5Zpp6eeypWTbE58vsaN/view?usp=drivesdk","application/pdf","/Semester 7/22CS720-HUMAN COMPUTER INTERACTION/Books","2025-10-02 17:25:14",13746296
"Copy of FORMULAS CAT 1.jpg","1-E3-OFcVO6Blgf94VA-HhM9uIi9N3qF2","https://drive.google.com/file/d/1-E3-OFcVO6Blgf94VA-HhM9uIi9N3qF2/view?usp=drivesdk","image/jpeg","/Semester 7/22CS710-ENGINEERING ECONOMICS/Notes and PPTs","2025-10-02 17:26:42",92476
"Copy of CAT 1 Assignment - Slot B.pdf","1-HHNYx6GMsDzvExoGHUY_UaCugO870n7","https://drive.google.com/file/d/1-HHNYx6GMsDzvExoGHUY_UaCugO870n7/view?usp=drivesdk","application/pdf","/Semester 7/22CS710-ENGINEERING ECONOMICS/Notes and PPTs","2025-10-02 17:26:42",4020114
"Copy of Engineering Economics Eve CAT 1.pdf","10LxwBbl-rwHwpfqC32nieY5dXsYFLW28","https://drive.google.com/file/d/10LxwBbl-rwHwpfqC32nieY5dXsYFLW28/view?usp=drivesdk","application/pdf","/Semester 7/22CS710-ENGINEERING ECONOMICS/Notes and PPTs","2025-10-02 17:26:42",4289644
"Copy of CAT 1 Assignment - Slot A.pdf","1aMdh5xkui-cLYqAuvEj0a3Lj52VJ6uHT","https://drive.google.com/file/d/1aMdh5xkui-cLYqAuvEj0a3Lj52VJ6uHT/view?usp=drivesdk","application/pdf","/Semester 7/22CS710-ENGINEERING ECONOMICS/Notes and PPTs","2025-10-02 17:26:42",5268237
"Copy of 22CS710 Course Plan.pdf","1KhsJSlIW_n1OtExQWXQV2w80JYfpl6Fi","https://drive.google.com/file/d/1KhsJSlIW_n1OtExQWXQV2w80JYfpl6Fi/view?usp=drivesdk","application/pdf","/Semester 7/22CS710-ENGINEERING ECONOMICS/Course Plan","2025-10-02 17:26:42",3267250
"Copy of Engineering_Economics,_R.Paneerselvam.pdf","12IK51PMubKg9KoAHQHU9hkzqxeFhUNu_","https://drive.google.com/file/d/12IK51PMubKg9KoAHQHU9hkzqxeFhUNu_/view?usp=drivesdk","application/pdf","/Semester 7/22CS710-ENGINEERING ECONOMICS/Books","2025-10-02 17:26:42",1758768
